Name,Team,G,PA,AB,H,1B,2B,3B,HR,R,RBI,BB,IBB,SO,HBP,SF,SH,GDP,SB,CS,AVG,BB%,K%,BB/K,OBP,SLG,wOBA,OPS,ISO,Spd,BABIP,UBR,wSB,wRC,wRAA,wRC+,BsR,Fld,Off,Def,WAR,ADP,InterSD,InterSK,IntraSD,Vol,Skew,Dim,FPTS,FPTS/G,SPTS,SPTS/G,P10,P20,P30,P40,P50,P60,P70,P80,P90,TT10,TT20,TT30,TT40,TT50,TT60,TT70,TT80,TT90,NameASCII,PlayerId,MLBAMID
"José Ramírez","CLE",137.79,617.37,550.476,154.169,89.3919,34.1099,2.3022,28.3653,91.1016,88.3099,57.7241,14.1995,75.3051,3.7042,4.2529,1.2123,,28.5074,6.8616,0.280065,0.0935001,0.121977,0.766536,0.349907,0.50498,0.35894,0.854887,0.224915,5.72333,0.278908,0.969,1.84422,96.4479,24.2292,137.52,2.81322,-0.701,29.317208290100098,1.0210000276565552,5.25875,4.96999979019165,,,,,,,907.1,6.573188405,907.1,6.573188405,0.325,0.336,0.344,0.351,0.358,0.365,0.372,0.381,0.394,0.341,0.347,0.351,0.355,0.359,0.362,0.366,0.371,0.378,"Jose Ramirez","13510",608070
"Austin Riley","ATL",139.08,622.554,557.219,149.345,88.4234,29.0202,2.1401,29.761,88.2074,88.8668,50.9871,1.2451,151.173,8.7158,4.2767,1.3549,,1.9956,0.6199,0.268018,0.0818999,0.242828,0.337275,0.336523,0.488009,0.353776,0.824532,0.219991,3.34132,0.31423,0.062,-1.01119,94.6704,21.8453,126.589,-0.949192,-3.475,18.845422863960266,-1.1569998264312744,3.96794,29.829999923706055,,,,,,,835.9,6.013669064,835.9,6.013669064,0.32,0.331,0.339,0.346,0.353,0.36,0.367,0.376,0.389,0.335,0.341,0.346,0.35,0.353,0.357,0.361,0.366,0.373,"Austin Riley","18360",663586
"Alex Bregman","BOS",142.87,632.477,555.951,149.125,93.1023,30.5108,2.9907,22.5208,82.66,82.9783,64.3861,0.6325,80.3348,6.9572,4.3557,0.8271,,3.3556,1.0713,0.268234,0.1018,0.127016,0.801472,0.349035,0.455399,0.348996,0.804434,0.187165,3.70229,0.27676,-1.404,-1.05565,93.7458,19.7599,123.486,-2.45965,-1.351,14.536818265914917,1.03000009059906,3.78521,118.70999908447266,,,,,,,817.5,5.716783216,817.5,5.716783216,0.317,0.327,0.335,0.342,0.348,0.355,0.362,0.37,0.382,0.331,0.337,0.341,0.345,0.349,0.352,0.356,0.361,0.368,"Alex Bregman","17678",608324
"Manny Machado","SDP",137.92,595.722,541.515,144.633,89.2388,26.8992,0.5476,27.9472,76.2989,89.0969,47.5386,4.1701,117.671,2.3829,3.8471,0.4385,,6.785,2.0381,0.267089,0.0797999,0.197527,0.403995,0.326826,0.473613,0.342033,0.800439,0.206524,3.46724,0.291901,-0.667,-0.533843,84.9597,15.2733,123.555,-1.20084,-0.498,15.579207062721252,0.613999992609024,3.72124,38.220001220703125,,,,,,,774.9,5.615217391,774.9,5.615217391,0.308,0.319,0.327,0.334,0.341,0.348,0.355,0.365,0.378,0.323,0.329,0.334,0.338,0.342,0.346,0.35,0.355,0.362,"Manny Machado","11493",592518
"Isaac Paredes","HOU",131.77,580.322,496.875,122.532,73.9839,24.5188,1.0046,23.0247,77.3647,72.3072,66.0407,1.1606,96.5428,12.1868,3.965,1.2545,,1.8982,0.6226,0.246605,0.1138,0.166361,0.684056,0.346694,0.439012,0.343077,0.785706,0.192407,2.98869,0.260987,-0.859,-1.06467,83.2508,15.3658,126.663,-1.92367,-1.535,15.780879855155945,0.66100013256073,3.69602,192.08999633789062,,,,,,,721.2,5.463636363,721.2,5.463636363,0.308,0.32,0.328,0.335,0.342,0.349,0.357,0.366,0.379,0.322,0.329,0.334,0.338,0.343,0.347,0.351,0.357,0.364,"Isaac Paredes","20036",670623
"Matt Chapman","SFG",136.87,585.525,512.792,123.765,70.239,29.2582,1.8279,22.4395,70.6554,76.166,61.3044,1.7566,150.299,7.0263,3.8817,0.5203,,8.3357,2.749,0.241354,0.1047,0.256692,0.407882,0.328365,0.436819,0.331983,0.765184,0.195464,4.15812,0.294605,1.189,-0.526009,78.7689,10.2754,115.081,0.662991,1.508,11.222179472446442,3.788999915122986,3.56409,128.3800048828125,,,,,,,694.5,5.069343065,694.5,5.069343065,0.299,0.309,0.317,0.324,0.331,0.338,0.345,0.354,0.367,0.313,0.319,0.324,0.328,0.332,0.335,0.34,0.345,0.351,"Matt Chapman","16505",656305
"Junior Caminero","TBR",120.82,532.656,489.06,130.977,82.4402,22.0688,1.7816,24.6863,66.7781,78.1179,35.1553,2.1306,114.636,4.2613,3.8063,0.3732,,4.137,1.3136,0.267813,0.066,0.215215,0.30667,0.320118,0.471655,0.338826,0.791773,0.203842,3.66863,0.300643,-0.16,-0.649546,74.5907,12.2816,126.178,-0.809546,-0.062,15.14535653591156,1.3959999457001686,3.54219,73.23999786376953,,,,,,,676.6,5.591735537,676.6,5.591735537,0.299,0.311,0.321,0.329,0.337,0.346,0.355,0.365,0.381,0.312,0.321,0.327,0.333,0.338,0.344,0.35,0.357,0.367,"Junior Caminero","28163",691406
"Jazz Chisholm Jr.","NYY",130.55,558.791,502.34,124.601,75.9299,20.3077,2.272,26.0911,74.5858,75.869,46.3796,2.794,139.6,5.0291,3.9861,1.0558,,30.9207,8.8231,0.24804,0.0829999,0.249826,0.332231,0.315579,0.45333,0.330071,0.768909,0.205289,6.14654,0.289194,0.833,1.62777,74.3128,8.94654,115.963,2.46077,-1.494,12.66728949546814,0.6820001602172852,3.3025,22.760000228881836,,,,,,,698.5,5.332061068,698.5,5.332061068,0.294,0.306,0.314,0.322,0.329,0.336,0.344,0.354,0.367,0.309,0.316,0.321,0.325,0.33,0.334,0.338,0.344,0.352,"Jazz Chisholm Jr.","20454",665862
"Mark Vientos","NYM",140.13,586.96,530.044,132.422,76.7973,24.0038,1.1577,30.4636,74.9165,86.3153,46.3111,0.587,165.533,5.2826,4.3597,0.9622,,1.1082,0.3635,0.249833,0.0788999,0.282017,0.27977,0.314022,0.471909,0.33723,0.785931,0.222076,2.56912,0.30129,-1.197,-0.934263,81.4409,12.7794,120.159,-2.13126,-0.91,12.018260717391968,0.39299994707107544,3.30051,104.33999633789062,,,,,,,721.4,5.152857142,721.4,5.152857142,0.301,0.312,0.321,0.329,0.336,0.343,0.351,0.361,0.375,0.315,0.322,0.328,0.332,0.337,0.341,0.346,0.352,0.36,"Mark Vientos","22184",668901
"Jordan Westburg","BAL",121.48,514.884,468.459,124.239,75.4532,26.4527,3.5499,18.7836,63.6183,70.4011,36.1964,0,114.21,6.1786,3.4,0.6505,,7.1442,2.2933,0.265209,0.0703001,0.221817,0.316928,0.324005,0.457122,0.336906,0.781127,0.191913,5.03786,0.311203,0.005,-0.429911,71.306,11.0758,123.401,-0.424911,-0.834,13.36164703965187,0.4010000228881836,3.19403,90.23999786376953,,,,,,,636.9,5.263636363,636.9,5.263636363,0.3,0.312,0.32,0.328,0.336,0.343,0.351,0.361,0.376,0.314,0.322,0.327,0.332,0.336,0.341,0.346,0.352,0.36,"Jordan Westburg","27815",676059
"Rafael Devers","BOS",134.78,600.985,528.411,142.89,80.7955,30.1278,2.7714,29.1948,87.5967,86.5985,61.2403,11.4187,129.883,6.0098,3.9621,1.3609,,3.3581,1.0956,0.270414,0.1019,0.216118,0.471502,0.350453,0.503669,0.360313,0.854122,0.233256,3.86891,0.304571,-0.234,-0.850422,94.5524,24.2504,131.447,-1.08442,-0.639,20.540064692497253,-10.232999861240387,3.13357,39.15999984741211,,,,,,,853.4,6.321481481,853.4,6.321481481,0.326,0.337,0.345,0.352,0.359,0.366,0.374,0.383,0.396,0.341,0.348,0.352,0.356,0.36,0.364,0.368,0.373,0.38,"Rafael Devers","17350",646240
"Royce Lewis","MIN",114.2,484.247,434.746,110.498,64.4576,21.6074,0.7786,23.6542,61.6221,69.4515,41.3547,1.4527,113.643,3.874,3.6164,0.6552,,4.8276,1.4502,0.254166,0.0854001,0.234679,0.363901,0.322021,0.470677,0.340039,0.792697,0.216511,3.6347,0.288454,0,-0.476046,68.284,11.6378,123.657,-0.476046,-0.294,12.631662428379059,0.08700001239776611,2.98073,129.08999633789062,,,,,,,617.8,5.419298245,617.8,5.419298245,0.3,0.312,0.322,0.331,0.339,0.347,0.356,0.367,0.383,0.314,0.322,0.329,0.334,0.34,0.345,0.351,0.358,0.368,"Royce Lewis","20437",668904
"Nolan Arenado","STL",135.62,583.563,533.001,137.774,89.8419,26.3762,0.9924,20.5635,67.2005,77.4979,41.0828,2.3343,90.5568,5.2521,3.7996,0.4279,,3.1211,1.1253,0.258487,0.0703999,0.155179,0.453669,0.315723,0.427439,0.32113,0.743162,0.168952,3.09099,0.275349,-0.414,-0.887875,73.4075,5.14336,107.277,-1.30188,1.617,3.7759954929351807,3.299999952316284,2.73781,229.36000061035156,,,,,,,659.2,4.847058823,659.2,4.847058823,0.288,0.298,0.306,0.313,0.32,0.327,0.334,0.343,0.356,0.301,0.308,0.313,0.317,0.321,0.325,0.329,0.334,0.341,"Nolan Arenado","9777",571448
"Alec Bohm","PHI",127.63,553.573,505.869,140.209,93.2684,30.1923,1.2859,15.4625,65.054,69.8175,37.809,1.1071,85.2895,5.5357,3.8455,0.5134,,4.4518,1.4998,0.277165,0.0682999,0.154071,0.443302,0.331888,0.433631,0.331779,0.765519,0.156467,3.45155,0.305032,-0.83,-0.786539,74.3797,9.62378,112.387,-1.61654,-2.575,6.583210706710815,-1.1730000972747803,2.46263,172.42999267578125,,,,,,,648.5,5.06640625,648.5,5.06640625,0.298,0.309,0.317,0.324,0.331,0.338,0.345,0.354,0.367,0.313,0.319,0.324,0.328,0.331,0.335,0.339,0.344,0.351,"Alec Bohm","21618",664761
"Maikel Garcia","KCR",129.88,536.589,487.909,128.563,91.2888,26.1229,3.5218,7.6298,62.0048,50.0725,40.7271,0,94.2152,2.1464,3.7476,2.0592,,27.3218,6.6183,0.263499,0.0759,0.175582,0.432277,0.320724,0.378389,0.307017,0.699113,0.11489,6.26997,0.310236,0.36,1.72504,61.4034,-1.36571,95.2839,2.08504,1.452,-0.8105008602142334,3.718999981880188,2.14776,210.39999389648438,,,,,,,568.5,4.373076923,568.5,4.373076923,0.274,0.285,0.292,0.299,0.306,0.313,0.32,0.329,0.341,0.286,0.293,0.298,0.302,0.307,0.311,0.315,0.321,0.328,"Maikel Garcia","22715",672580
"Luis Rengifo","LAA",109.08,482.416,440.984,116.546,80.2106,19.4513,2.2939,14.5904,61.0062,53.6448,31.4053,0,79.9503,5.3066,3.2463,1.4745,,18.8653,5.8923,0.264287,0.0651,0.165729,0.39281,0.318662,0.418057,0.320494,0.73672,0.153771,5.73352,0.291561,0.357,0.463839,60.4372,4.00508,107.461,0.820839,-1.349,4.939084410667419,-0.2669999599456787,2.14339,168.25999450683594,,,,,,,549,5.036697247,549,5.036697247,0.284,0.295,0.304,0.312,0.319,0.327,0.335,0.345,0.359,0.298,0.306,0.311,0.316,0.32,0.324,0.329,0.335,0.343,"Luis Rengifo","19858",650859
"Eugenio Suárez","ARI",129.73,534.532,472.85,111.293,67.5773,21.6198,1.3243,20.7711,61.3776,65.6953,49.177,0,152.825,8.018,3.5383,0.9492,,2.1798,0.6734,0.235366,0.0920001,0.285904,0.321786,0.315766,0.418472,0.320562,0.734238,0.183106,3.1693,0.298956,-0.812,-0.821527,66.9957,4.46713,103.792,-1.63353,0.229,0.7904607057571411,1.9930000603199005,2.12586,177.02999877929688,,,,,,,587.5,4.519230769,587.5,4.519230769,0.286,0.297,0.305,0.313,0.319,0.326,0.334,0.343,0.356,0.302,0.308,0.312,0.316,0.32,0.324,0.328,0.333,0.34,"Eugenio Suarez","12552",553993
"Max Muncy","LAD",104.36,438.628,366.703,78.6731,43.084,15.1023,0.5494,19.9375,56.1951,57.3801,62.8116,2.6318,118.518,5.2635,3.2492,0.6014,,2.3607,0.7496,0.214542,0.1432,0.270202,0.529974,0.335021,0.421832,0.33058,0.756853,0.20729,3.11886,0.253722,-0.061,-0.687996,58.512,7.2021,113.868,-0.748996,-2.692,6.524817645549774,-1.6219998598098755,2.01491,259.6700134277344,,,,,,,517.6,4.976923076,517.6,4.976923076,0.293,0.305,0.314,0.322,0.329,0.337,0.345,0.356,0.37,0.31,0.317,0.322,0.326,0.33,0.334,0.339,0.344,0.352,"Max Muncy","13301",571970
"Christopher Morel","TBR",105.39,433.05,383.264,89.282,52.0715,15.523,2.2014,19.4862,52.1387,56.9278,41.1397,1.2991,117.969,4.7635,2.9356,0.947,,7.9329,2.7728,0.232952,0.0949999,0.272414,0.348734,0.312854,0.43747,0.324301,0.750324,0.204518,4.87912,0.280592,0.45,-0.299426,55.5793,4.922,115.961,0.150574,1.617,8.059003189206123,-4.146999955177307,1.89493,268.42999267578125,,,,,,,496.6,4.729523809,496.6,4.729523809,0.286,0.298,0.307,0.315,0.323,0.331,0.339,0.35,0.365,0.303,0.31,0.315,0.32,0.324,0.328,0.333,0.338,0.346,"Christopher Morel","21897",666624
"Josh Jung","TEX",112.92,465.853,430.609,107.689,67.3448,19.7574,2.1093,18.4776,52.5698,58.7626,26.74,0,127.762,4.6585,3.0832,0.7627,,4.6441,1.4346,0.250086,0.0574,0.274253,0.209296,0.299055,0.434496,0.316435,0.733551,0.18441,4.14873,0.310352,-0.988,-0.431526,56.8404,2.34573,106.395,-1.41953,-0.73,1.9892657995224,0.7940000295639038,1.8913,210.16000366210938,,,,,,,515.1,4.558407079,515.1,4.558407079,0.277,0.289,0.299,0.307,0.315,0.323,0.332,0.342,0.358,0.292,0.3,0.306,0.311,0.316,0.321,0.326,0.333,0.342,"Josh Jung","26299",673962
"Joey Ortiz","MIL",122.78,489.397,436.356,110.305,71.1006,23.9768,3.7228,11.5051,53.6865,53.4274,43.3606,0,98.791,4.894,3.4034,1.3829,,10.1384,3.1144,0.252787,0.0886001,0.201863,0.438912,0.324909,0.403897,0.318994,0.728806,0.15111,5.26323,0.299882,0.323,-0.175674,60.7208,3.47209,103.999,0.147326,-5.813,2.4877181202173233,-0.6400003433227539,1.87399,274.239990234375,,,,,,,539.8,4.388617886,539.8,4.388617886,0.282,0.294,0.303,0.31,0.318,0.325,0.333,0.343,0.357,0.296,0.303,0.309,0.314,0.318,0.323,0.328,0.334,0.343,"Joey Ortiz","25493",687401
"Connor Norby","MIA",123.32,555.599,500.239,122.025,77.5907,26.2804,1.2643,16.8898,66.3269,58.4758,45.5036,0.5556,151.722,4.4448,3.7084,1.7035,,8.7132,2.8274,0.243934,0.0819001,0.273079,0.299914,0.31048,0.402815,0.311172,0.713295,0.158881,4.20769,0.313524,0.044,-0.404683,65.4368,0.443846,96.4844,-0.360683,-0.091,-2.6964353024959564,1.9640000686049461,1.8352,267.239990234375,,,,,,,582.8,4.738211382,582.8,4.738211382,0.276,0.287,0.296,0.303,0.31,0.317,0.325,0.334,0.348,0.289,0.296,0.301,0.306,0.311,0.315,0.32,0.326,0.334,"Connor Norby","29592",681393
"Ryan McMahon","COL",135.88,603.691,531.485,128.242,80.2691,26.4718,1.286,20.2153,72.9393,68.0828,63.2668,2.4148,172.998,3.6221,4.1269,1.1906,,6.9847,2.6361,0.24129,0.1048,0.286568,0.365708,0.323869,0.410044,0.31996,0.733912,0.168753,3.72482,0.315501,0.368,-0.813072,75.371,4.75233,91.9164,-0.445072,1.384,-6.2806216180324554,3.64900004863739,1.80446,277.0299987792969,,,,,,,660.8,4.858823529,660.8,4.858823529,0.288,0.298,0.306,0.312,0.319,0.325,0.333,0.341,0.354,0.301,0.307,0.312,0.316,0.32,0.323,0.328,0.332,0.339,"Ryan McMahon","15112",641857
"Ke'Bryan Hayes","PIT",117.2,474.1,431.972,111.718,76.792,22.1429,2.4428,10.3402,51.4745,50.4795,33.4241,0.9482,93.6947,3.7928,3.4551,1.4564,,12.2955,3.4478,0.258623,0.0705,0.197626,0.356734,0.31511,0.393005,0.308831,0.708115,0.134382,5.07881,0.305915,0.284,0.170396,54.945,-0.514377,94.9443,0.454396,1.829,-2.411865323781967,3.781999945640564,1.77206,339.5899963378906,,,,,,,489.8,4.186324786,489.8,4.186324786,0.273,0.285,0.293,0.3,0.308,0.315,0.323,0.332,0.346,0.287,0.294,0.3,0.304,0.308,0.313,0.317,0.323,0.331,"Ke'Bryan Hayes","18577",663647
"Jake Burger","TEX",129.96,529.109,482.309,118.786,69.4943,21.6756,1.4199,26.1966,65.6404,74.272,33.0164,1.0582,141.654,8.4657,3.8744,1.4435,,1.9191,0.6295,0.246287,0.0624,0.267722,0.233077,0.303731,0.460061,0.327636,0.763792,0.213774,3.26768,0.290859,-0.143,-0.738652,69.3282,7.43408,114.274,-0.881652,2.47,7.75983190536499,-8.458000421524048,1.74952,113.5999984741211,,,,,,,622.3,4.786923076,622.3,4.786923076,0.291,0.303,0.311,0.319,0.326,0.334,0.342,0.352,0.366,0.307,0.314,0.319,0.323,0.327,0.331,0.336,0.341,0.349,"Jake Burger","22275",669394
"Miguel Vargas","CHW",111.07,454.482,391.713,88.9197,54.2564,19.6013,1.3568,13.7052,48.8338,47.006,53.8561,0.4545,98.7117,4.9993,2.9689,0.9448,,9.2904,2.7908,0.227002,0.1185,0.217196,0.54559,0.325828,0.388933,0.315783,0.714761,0.161931,4.34571,0.266468,0.164,-0.161351,55.2144,2.04995,105.408,0.00264903,-0.052,2.814810951706022,-3.1700000315904617,1.52802,399.95001220703125,,,,,,,487.4,4.39099099,487.4,4.39099099,0.278,0.29,0.299,0.307,0.314,0.322,0.33,0.34,0.355,0.293,0.3,0.306,0.311,0.315,0.32,0.325,0.331,0.34,"Miguel Vargas","20178",678246
"Matt Vierling","DET",101.91,447.878,404.599,102.446,69.0733,19.5707,3.0526,10.7493,50.7435,45.898,35.5615,0.4479,95.6068,3.583,2.9963,1.1382,,6.1633,1.925,0.253203,0.0793999,0.213466,0.371956,0.316941,0.396367,0.311717,0.713308,0.143163,4.73788,0.304398,0.466,-0.397543,52.9462,0.554241,104.249,0.0684571,-0.642,2.2460486590862274,-3.240000069141388,1.43931,370.2799987792969,,,,,,,470.5,4.612745098,470.5,4.612745098,0.276,0.287,0.296,0.303,0.31,0.318,0.326,0.335,0.349,0.291,0.298,0.303,0.307,0.311,0.315,0.32,0.325,0.333,"Matt Vierling","21558",663837
"Josh Smith","TEX",89.58,380.664,333.074,81.796,54.6832,17.2047,0.9475,8.9605,43.9974,38.939,35.2875,0.3807,79.3382,8.7553,2.6495,0.8979,,6.1637,1.8101,0.245579,0.0926999,0.208421,0.444773,0.331359,0.38363,0.31638,0.714989,0.138051,4.21245,0.294375,-0.541,-0.276545,46.4292,1.89988,106.356,-0.817545,-1.186,1.9509961605072021,-0.9729999899864197,1.41156,409.6700134277344,,,,,,,403.6,4.484444444,403.6,4.484444444,0.278,0.29,0.299,0.307,0.315,0.323,0.331,0.342,0.357,0.294,0.301,0.307,0.311,0.316,0.32,0.325,0.331,0.34,"Josh Smith","26396",669701
"Ernie Clement","TOR",78.71,310.763,290.366,78.6786,54.6473,14.956,1.5581,7.5172,34.473,35.8082,14.5748,0.3108,30.8949,2.4861,2.294,1.0423,,6.3889,1.9626,0.270964,0.0469001,0.0994163,0.471754,0.309116,0.41087,0.311721,0.719985,0.139906,4.89634,0.27989,-0.286,-0.080584,36.738,0.385598,104.409,-0.366584,-0.1,1.2012989521026611,1.4970000013709068,1.34857,380.3599853515625,,,,,,,339.3,4.294936708,339.3,4.294936708,0.269,0.282,0.292,0.301,0.31,0.319,0.328,0.34,0.357,0.288,0.296,0.302,0.306,0.311,0.316,0.321,0.327,0.336,"Ernie Clement","20352",676391
"Dylan Moore","SEA",78.41,314.033,269.025,55.2154,32.7046,12.6335,1.7115,8.1658,35.3604,30.2018,34.2924,0.6281,91.2264,7.5368,2.2052,0.9736,,17.9438,4.7411,0.205243,0.1092,0.290499,0.375904,0.309988,0.355987,0.296926,0.665975,0.150744,6.49574,0.273802,0.132,1.08529,33.3852,-3.34976,99.0339,1.21729,0.028,0.8701529204845428,0.34200001135468483,1.20635,345.3800048828125,,,,,,,309.5,3.967948717,309.5,3.967948717,0.255,0.268,0.278,0.287,0.295,0.304,0.313,0.325,0.341,0.273,0.281,0.286,0.292,0.296,0.301,0.306,0.313,0.322,"Dylan Moore","18042",664238
"Jose Miranda","MIN",94.15,395.985,363.653,98.0748,64.0596,20.4569,1.9366,11.6217,45.6901,48.4942,23.7591,0.396,66.8031,5.1478,2.7134,0.7118,,2.7644,0.9068,0.269693,0.06,0.168701,0.355659,0.32125,0.432473,0.326306,0.753723,0.162779,3.89832,0.300245,-0.578,-0.544985,51.4613,5.13978,113.997,-1.12299,1.079,5.21878969669342,-6.869999885559082,1.19277,370.69000244140625,,,,,,,456.9,4.860638297,456.9,4.860638297,0.287,0.3,0.309,0.317,0.325,0.333,0.342,0.352,0.367,0.304,0.311,0.317,0.321,0.326,0.33,0.335,0.341,0.349,"Jose Miranda","20538",669304
"Oswaldo Cabrera","NYY",83.58,321.012,290.617,71.3291,46.6894,14.2431,0.6343,9.7623,37.3851,36.3202,24.3969,0.321,67.1325,2.5681,2.3045,1.1255,,6.344,1.5466,0.24544,0.076,0.209128,0.363414,0.307278,0.39959,0.308207,0.706869,0.15415,4.489,0.284997,0.234,0.0636389,37.0417,-0.509641,100.583,0.297639,-0.45,0.511827364563942,0.23400002717971802,1.18221,550.1900024414062,,,,,,,333.7,3.972619047,333.7,3.972619047,0.265,0.279,0.289,0.298,0.306,0.315,0.325,0.336,0.353,0.284,0.292,0.298,0.303,0.308,0.313,0.318,0.324,0.333,"Oswaldo Cabrera","21707",665828
"Jace Jung","DET",75.87,296.267,255.153,57.7846,36.5021,12.8692,0.8191,7.5942,31.8036,29.9972,35.4335,0.2963,75.9844,2.3701,2.2332,1.0777,,1.7471,0.5639,0.226471,0.1196,0.256473,0.466326,0.32382,0.372619,0.308982,0.696438,0.146148,3.33111,0.288771,-0.145,-0.463077,34.3712,-0.285561,102.325,-0.608077,-0.017,0.18019282817840576,1.2479999847710133,1.16749,459.92999267578125,,,,,,,300.4,3.952631578,300.4,3.952631578,0.265,0.279,0.289,0.298,0.307,0.316,0.326,0.338,0.355,0.284,0.292,0.298,0.303,0.308,0.313,0.319,0.326,0.335,"Jace Jung","31437",690291
"Luis Urías","ATH",75.62,296.182,255.79,57.5501,37.5263,11.2368,0.5542,8.2329,32.3555,30.1899,30.4771,0,67.3496,6.8122,2.1451,0.9574,,2.5207,0.736,0.224989,0.1029,0.227392,0.452521,0.321245,0.369811,0.307723,0.691056,0.144822,3.52687,0.270449,-0.05,-0.384421,34.0614,-0.585457,104.22,-0.434421,-1.204,0.9955851137638092,0.3710000514984131,1.16084,740.2899780273438,,,,,,,295.5,3.888157894,295.5,3.888157894,0.266,0.279,0.289,0.298,0.306,0.314,0.324,0.335,0.352,0.286,0.293,0.298,0.303,0.307,0.312,0.316,0.322,0.33,"Luis Urias","16622",649966
"Josh Rojas","CHW",76.76,318.95,283.206,69.0749,48.4749,13.2024,1.0326,6.365,33.2922,30.5054,30.4278,0.6379,68.5643,2.2327,2.3379,0.7454,,8.1074,2.065,0.243903,0.0953999,0.214969,0.443785,0.319717,0.365237,0.302699,0.684954,0.121334,4.70592,0.297747,0.504,0.149821,35.3899,-1.92022,96.2041,0.653822,-2.177,-0.7314909100532532,-0.11500000953674316,1.01066,552.6599731445312,,,,,,,308.8,4.01038961,308.8,4.01038961,0.263,0.276,0.285,0.293,0.301,0.309,0.318,0.329,0.344,0.281,0.288,0.293,0.298,0.302,0.307,0.311,0.317,0.325,"Josh Rojas","19734",668942
"Ramón Urías","BAL",57.97,228.484,206.404,53.0186,36.291,9.4691,1.2145,6.044,25.6158,25.4965,16.5194,0,50.3213,3.1988,1.6462,0.7156,,1.7003,0.5079,0.256868,0.0723,0.22024,0.328278,0.319345,0.40236,0.315598,0.721705,0.145492,4.19814,0.309685,0.069,-0.307691,27.7241,0.996495,108.413,-0.238691,-0.879,1.9607189446687698,-0.08799999952316284,0.980039,701.280029296875,,,,,,,240,4.137931034,240,4.137931034,0.268,0.283,0.294,0.304,0.313,0.323,0.334,0.347,0.366,0.293,0.3,0.306,0.31,0.315,0.32,0.325,0.331,0.339,"Ramon Urias","18795",602104
"Isiah Kiner-Falefa","PIT",115.15,453.007,418.569,110.755,84.1547,17.6159,2.623,6.3612,47.2953,42.5873,23.7376,0,71.8264,5.8891,3.2018,1.61,,12.739,3.0662,0.264604,0.0524001,0.158555,0.330486,0.310993,0.364815,0.297091,0.675809,0.100212,5.29572,0.303838,0.208,0.407959,48.2201,-4.77185,87.0427,0.615959,-5.025,-6.403138279914856,0.5380001068115234,0.952267,367.7799987792969,,,,,,,434.6,3.779130434,434.6,3.779130434,0.263,0.274,0.282,0.289,0.296,0.303,0.311,0.32,0.333,0.276,0.283,0.288,0.292,0.297,0.301,0.305,0.311,0.319,"Isiah Kiner-Falefa","16512",643396
"Gio Urshela","ATH",78.28,308.646,286.245,76.2752,55.1787,13.4294,0.917,6.7501,31.7091,32.7773,17.2533,0.6173,51.7818,1.8519,2.2865,1.0091,,1.2406,0.379,0.266468,0.0559,0.167771,0.333192,0.310042,0.390535,0.304831,0.700578,0.124067,3.12292,0.302283,-0.639,-0.486785,34.7764,-1.32843,102.186,-1.12579,-0.844,-0.3539397716522217,-1.2959999740123749,0.89221,523.7899780273438,,,,,,,307.7,3.944871794,307.7,3.944871794,0.264,0.277,0.286,0.295,0.303,0.311,0.321,0.332,0.348,0.283,0.29,0.295,0.3,0.304,0.309,0.314,0.319,0.327,"Gio Urshela","10681",570482
"Lenyn Sosa","CHW",83.92,336.114,315.017,80.0368,53.5909,14.6783,0.3748,11.3927,34.298,39.5411,15.5285,0.6722,68.4533,2.3528,2.3263,0.8893,,2.8559,0.9469,0.254071,0.0462,0.203661,0.226848,0.292097,0.411541,0.303521,0.703638,0.15747,3.10004,0.28903,-0.057,-0.371104,37.5168,-1.80127,96.7821,-0.428104,-0.515,-1.665671467781067,-0.9639999866485596,0.885594,460.9100036621094,,,,,,,336.8,4.009523809,336.8,4.009523809,0.262,0.275,0.285,0.293,0.302,0.31,0.32,0.331,0.348,0.28,0.288,0.294,0.298,0.303,0.308,0.313,0.319,0.327,"Lenyn Sosa","22896",672820
"Jeimer Candelario","CIN",105.81,447.38,402.053,97.2503,56.9067,22.0827,1.6481,16.6128,52.6607,56.985,34.7167,0.8948,106.665,6.7107,3.2902,0.6099,,4.8537,1.6007,0.241884,0.0776,0.23842,0.325475,0.3104,0.428968,0.320017,0.739368,0.187083,4.31298,0.285882,-0.38,-0.446586,55.876,3.54231,98.5852,-0.826586,-0.46,-1.5834787487983704,-4.8810000121593475,0.871017,308.2200012207031,,,,,,,506.1,4.774528301,506.1,4.774528301,0.283,0.295,0.303,0.311,0.319,0.326,0.335,0.345,0.359,0.3,0.306,0.311,0.316,0.32,0.324,0.328,0.333,0.341,"Jeimer Candelario","13621",600869
"Yoán Moncada","LAA",97.52,411.576,369.538,88.6555,58.4629,18.2675,1.6017,10.3234,43.5794,44.1072,35.4367,0.4116,115.222,2.881,3.1136,0.6067,,2.8317,0.8893,0.239909,0.0860999,0.279953,0.307551,0.30896,0.381819,0.302954,0.690778,0.14191,3.78146,0.316997,0.054,-0.554417,45.752,-2.39339,95.1228,-0.500417,-1.4,-2.7972571849823,-2.5609999895095825,0.863594,476.4100036621094,,,,,,,402.9,4.111224489,402.9,4.111224489,0.265,0.277,0.286,0.294,0.301,0.309,0.318,0.328,0.343,0.279,0.287,0.293,0.298,0.302,0.307,0.312,0.319,0.328,"Yoan Moncada","17232",660162
"Gabriel Arias","CLE",59.98,235.5,215.429,51.8901,33.5577,10.6024,1.4245,6.3056,25.1734,25.9314,15.1662,0.2355,64.4134,2.355,1.7435,0.8056,,5.7689,1.7919,0.240868,0.0644001,0.273518,0.235451,0.295752,0.391118,0.298826,0.686871,0.15025,5.34231,0.311255,-0.068,0.0267714,25.3965,-2.15182,95.2346,-0.0412286,0.156,-1.3253105320036411,1.524000033736229,0.831302,716.4299926757812,,,,,,,227,3.783333333,227,3.783333333,0.251,0.266,0.277,0.287,0.296,0.306,0.317,0.33,0.349,0.274,0.282,0.288,0.293,0.298,0.303,0.309,0.315,0.325,"Gabriel Arias","22563",672356
"Oswald Peraza","NYY",56.11,224.796,201.391,46.8741,31.4443,8.1575,0.397,6.8753,25.5103,24.4405,17.5341,0.2248,52.543,3.5967,1.5843,0.6896,,7.5162,2.0464,0.232751,0.0780001,0.233737,0.33371,0.303449,0.379617,0.300157,0.683066,0.146865,5.02281,0.278626,-0.072,0.261264,24.4828,-1.81337,94.9206,0.189264,0.061,-1.1172309666872025,1.1209999434649944,0.77432,721.780029296875,,,,,,,226.8,4.05,226.8,4.05,0.253,0.267,0.278,0.288,0.298,0.308,0.318,0.332,0.351,0.276,0.284,0.29,0.295,0.3,0.304,0.31,0.316,0.325,"Oswald Peraza","22823",672724
"Paul DeJong","WSN",81.64,322.066,294.121,61.2286,37.0382,11.2852,0.3382,12.567,33.1116,37.1262,20.0647,0,99.4127,4.5089,2.3522,1.0194,,2.7903,0.9551,0.208175,0.0623,0.308672,0.201832,0.267258,0.377026,0.280904,0.644284,0.168851,3.34064,0.263758,-0.467,-0.315028,30.0861,-7.58854,79.0982,-0.782028,3.56,-8.831907987594604,4.971999883651733,0.709023,439.5199890136719,,,,,,,279.6,3.409756097,279.6,3.409756097,0.239,0.252,0.262,0.271,0.279,0.287,0.297,0.308,0.325,0.259,0.266,0.272,0.276,0.28,0.285,0.289,0.295,0.303,"Paul DeJong","18015",657557
"Curtis Mead","TBR",57.07,233.473,211.463,55.3086,36.8532,11.4701,1.3371,5.6483,25.8705,25.9849,16.1096,0.4669,44.0266,3.7356,1.6226,0.5422,,3.5114,1.0787,0.261552,0.0689999,0.188573,0.365906,0.322645,0.408573,0.318568,0.731217,0.14702,4.7966,0.303899,-0.126,-0.178403,28.8875,1.5763,111.928,-0.304403,0.158,2.8819910883903503,-4.326000198721886,0.65467,607.0700073242188,,,,,,,255.8,4.487719298,255.8,4.487719298,0.271,0.286,0.297,0.307,0.316,0.326,0.337,0.35,0.369,0.294,0.302,0.308,0.313,0.318,0.323,0.328,0.335,0.344,"Curtis Mead","23986",678554
"Jose Iglesias","SDP",66.87,268.935,251.601,67.226,48.5439,13.621,0.7078,4.3532,26.2634,27.1444,11.2684,0.2689,44.8353,3.4962,1.848,0.7214,,2.8959,0.9195,0.267193,0.0419001,0.166714,0.251329,0.305691,0.378862,0.298697,0.684553,0.111669,3.67349,0.307807,-0.352,-0.290759,28.9741,-2.48544,94.3866,-0.642759,-0.136,-2.4479857087135315,-0.32200001180171967,0.638858,656.8599853515625,,,,,,,252,3.761194029,252,3.761194029,0.256,0.269,0.279,0.288,0.297,0.306,0.315,0.327,0.344,0.275,0.283,0.288,0.293,0.298,0.303,0.308,0.314,0.323,"Jose Iglesias","10231",578428
"José Tena","WSN",54.35,224.755,208.215,52.6213,36.0666,10.529,0.6435,5.3821,23.3117,24.0006,12.9009,0,57.6131,1.5733,1.5854,0.4803,,5.0572,1.6767,0.252726,0.0573998,0.256337,0.223923,0.299166,0.38702,0.299125,0.686187,0.134295,4.61592,0.321781,-0.148,-0.0665236,24.2918,-1.99966,91.3619,-0.214524,-0.081,-2.536134511232376,0.9350000321865082,0.607628,486.3299865722656,,,,,,,222.3,4.116666666,222.3,4.116666666,0.252,0.267,0.278,0.287,0.297,0.306,0.317,0.33,0.349,0.276,0.283,0.289,0.294,0.299,0.303,0.308,0.315,0.323,"Jose Tena","23691",677588
"Coby Mayo","BAL",38.08,152.329,135.244,31.5748,18.7884,6.7414,0.5865,5.4584,17.7905,17.9735,13.7248,0.457,42.6288,1.8279,1.0682,0.464,,1.3036,0.3763,0.233466,0.0901,0.279848,0.321961,0.310326,0.413064,0.314399,0.72339,0.179598,4.10837,0.296021,0.011,-0.159112,18.3365,0.517399,107.57,-0.148112,0.031,1.1712618172168732,-0.4540000148117542,0.598517,404.6199951171875,,,,,,,167.1,4.397368421,167.1,4.397368421,0.257,0.275,0.288,0.3,0.311,0.323,0.336,0.352,0.376,0.289,0.297,0.303,0.309,0.314,0.319,0.324,0.331,0.341,"Coby Mayo","28312",691723
"Oliver Dunn","MIL",72.95,277.763,243.154,51.437,31.5698,10.5636,1.5966,7.707,30.9079,28.2388,28.5262,0.2778,94.1006,3.0554,2.0054,1.0218,,6.319,1.4344,0.211541,0.1027,0.33878,0.303146,0.299987,0.363205,0.293308,0.663192,0.151664,5.67012,0.305054,-0.006,0.186634,28.7206,-3.77161,86.7111,0.180634,-0.499,-4.233278974890709,0.7169999480247498,0.592143,691.6699829101562,,,,,,,265.7,3.639726027,265.7,3.639726027,0.247,0.262,0.272,0.282,0.291,0.3,0.311,0.324,0.342,0.265,0.274,0.281,0.287,0.292,0.298,0.304,0.312,0.322,"Oliver Dunn","26295",686554
"Zach McKinstry","DET",55.39,230.492,207.355,48.4719,32.1205,9.6654,2.2331,4.4529,24.6786,21.4649,18.762,0,49.2054,2.0744,1.5532,0.7469,,7.425,1.9382,0.233763,0.0813998,0.21348,0.3813,0.301675,0.366338,0.294006,0.668013,0.132576,6.229,0.283536,0.196,0.282058,23.9621,-3.0004,91.791,0.478058,0.063,-1.6869169771671295,-0.28699999302625656,0.58968,588.2899780273438,,,,,,,210.5,3.827272727,210.5,3.827272727,0.249,0.263,0.273,0.283,0.292,0.301,0.311,0.324,0.342,0.271,0.279,0.284,0.289,0.293,0.298,0.303,0.309,0.317,"Zach McKinstry","19392",656716
"Brett Baty","NYM",44.42,174.138,154.981,36.9611,24.3423,6.4961,0.23,5.8927,19.701,20.4041,15.6898,0.1741,42.7127,1.5672,1.3048,0.5953,,0.7849,0.252,0.238488,0.0900998,0.245281,0.367333,0.31242,0.397439,0.310762,0.709858,0.15895,2.7432,0.288525,0.042,-0.272027,20.452,0.081718,102.344,-0.230027,-1.188,0.25816281139850616,-0.387999951839447,0.585495,550.02001953125,,,,,,,181.9,4.134090909,181.9,4.134090909,0.258,0.274,0.287,0.297,0.308,0.319,0.331,0.345,0.367,0.287,0.295,0.301,0.306,0.31,0.315,0.32,0.326,0.335,"Brett Baty","26123",683146
"Enrique Hernández","LAD",56.41,225.628,205.363,49.7545,32.3637,10.2362,0.7027,6.4519,25.0315,25.9676,16.4708,0.2256,43.619,1.5794,1.6015,0.6138,,1.192,0.3827,0.242276,0.0729998,0.193323,0.377606,0.301335,0.393216,0.302728,0.694551,0.150939,3.46649,0.276001,0.169,-0.312703,25.0405,-1.35308,95.1217,-0.143703,-0.179,-1.4598935693502426,-0.4610000103712082,0.577606,627.1599731445312,,,,,,,222,3.964285714,222,3.964285714,0.256,0.271,0.282,0.291,0.3,0.31,0.321,0.333,0.352,0.282,0.289,0.294,0.298,0.302,0.306,0.311,0.316,0.324,"Enrique Hernandez","10472",571771
"Eguy Rosario","SDP",58.02,230.154,206.428,47.6431,28.0523,10.7022,1.0128,7.8759,26.7406,26.7798,19.0567,0.2302,58.4606,2.3015,1.6423,0.7248,,5.5042,1.7097,0.230797,0.0827998,0.254007,0.325975,0.300752,0.406914,0.307783,0.707667,0.176117,5.13836,0.280576,-0.145,0.0202489,26.4792,-0.443781,100.503,-0.124751,-0.452,0.013596348464488983,-2.1930000483989716,0.566473,664.47998046875,,,,,,,244.4,4.213793103,244.4,4.213793103,0.259,0.274,0.285,0.295,0.305,0.315,0.327,0.34,0.36,0.283,0.291,0.297,0.302,0.307,0.312,0.318,0.324,0.334,"Eguy Rosario","19964",666703
"Jared Triolo","PIT",64.34,255.514,224.661,54.9128,38.9591,10.5149,0.9944,4.4444,26.1727,24.1039,25.7303,0,65.646,2.5551,1.8168,0.7509,,4.7103,1.2748,0.244425,0.1007,0.256917,0.391955,0.326571,0.359429,0.305393,0.686,0.115004,4.58271,0.322714,-0.112,-0.104964,28.9054,-0.984187,92.6305,-0.216964,-0.178,-2.4686881452798843,-0.8599999845027924,0.534998,614.469970703125,,,,,,,251.9,3.9359375,251.9,3.9359375,0.262,0.276,0.286,0.295,0.303,0.312,0.322,0.334,0.351,0.282,0.29,0.295,0.3,0.305,0.309,0.315,0.321,0.329,"Jared Triolo","25807",669707
"Edmundo Sosa","PHI",47.97,192.327,178.072,43.6333,28.7233,8.6202,1.5794,4.7104,20.5666,21.0129,8.1162,0,47.0644,4.2312,1.3573,0.5504,,3.5956,1.074,0.245032,0.0422,0.244711,0.172449,0.291906,0.390536,0.296935,0.682442,0.145504,5.54925,0.304909,0.34,-0.0400042,20.4479,-2.05009,88.9348,0.299996,-0.017,-2.244836688041687,0.9739999957382679,0.530211,523.469970703125,,,,,,,193.7,4.035416666,193.7,4.035416666,0.246,0.262,0.273,0.284,0.294,0.305,0.316,0.331,0.351,0.272,0.28,0.286,0.291,0.296,0.301,0.307,0.313,0.323,"Edmundo Sosa","17022",624641
"Santiago Espinal","CIN",54.39,215.67,196.735,52.2779,37.8821,10.3143,0.2869,3.7946,22.8853,21.7525,15.0106,0.4313,31.6743,1.7254,1.5387,0.6602,,4.3923,1.2679,0.265727,0.0695999,0.146865,0.473905,0.32098,0.378935,0.306942,0.699916,0.113208,4.01791,0.2978,0.035,-0.0627127,24.6667,-0.561963,89.7848,-0.0277127,-0.434,-2.662204610183835,0.5929999649524689,0.52804,658.760009765625,,,,,,,216.6,4.011111111,216.6,4.011111111,0.261,0.275,0.286,0.295,0.305,0.314,0.325,0.338,0.356,0.284,0.291,0.297,0.302,0.306,0.311,0.316,0.322,0.331,"Santiago Espinal","19997",669289
"DJ LeMahieu","NYY",57.69,240.487,212.677,52.7398,38.6183,8.6357,0.6235,4.8623,26.5062,23.034,23.5677,0.2405,44.6622,1.9239,1.6178,0.7,,1.8313,0.5563,0.247981,0.0980001,0.185716,0.527688,0.326254,0.363036,0.306001,0.68929,0.115055,3.38903,0.290571,-0.599,-0.363129,27.323,-0.808661,99.0318,-0.962129,-1.249,-1.2285327911376953,-2.11899995803833,0.482226,645.0499877929688,,,,,,,241.6,4.165517241,241.6,4.165517241,0.261,0.275,0.286,0.295,0.304,0.313,0.323,0.336,0.353,0.283,0.29,0.296,0.301,0.305,0.31,0.315,0.321,0.33,"DJ LeMahieu","9874",518934
"Darell Hernaiz","ATH",28.04,110.777,101.322,26.2719,18.8346,5.0471,0.3017,2.0885,11.585,10.9745,7.411,0,19.2411,0.8862,0.7962,0.3614,,2.0123,0.5775,0.25929,0.0669001,0.173692,0.385165,0.313081,0.376895,0.302889,0.689977,0.117605,4.18054,0.299341,-0.013,-0.0455668,12.3085,-0.650021,100.819,-0.0585668,-0.173,0.04522939398884773,0.7620000094175339,0.464754,750.3400268554688,,,,,,,102.9,3.675,102.9,3.675,0.244,0.262,0.275,0.287,0.299,0.311,0.325,0.342,0.366,0.276,0.285,0.291,0.297,0.302,0.308,0.313,0.32,0.33,"Darell Hernaiz","26224",687231
"Donovan Solano","SEA",63.85,270.12,243.96,62.2823,45.047,12.1495,0.4523,4.6335,27.4824,25.4931,19.0434,0.2701,60.0631,4.592,1.8735,0.6502,,1.3789,0.4003,0.255297,0.0704999,0.222357,0.317057,0.31884,0.365784,0.302451,0.684624,0.110488,3.10004,0.31826,-0.729,-0.426283,29.918,-1.68007,102.921,-1.15528,-0.994,-0.25261175632476807,-4.427000105381012,0.446673,632.7100219726562,,,,,,,258.9,4.0453125,258.9,4.0453125,0.259,0.273,0.283,0.292,0.3,0.309,0.319,0.331,0.348,0.278,0.286,0.292,0.297,0.302,0.307,0.312,0.318,0.327,"Donovan Solano","8623",456781
"Nick Loftin","KCR",35.9,146.339,130.187,32.6778,22.9242,6.6354,0.3232,2.7951,15.5568,14.36,13.1413,0,24.6313,1.6097,1.0128,0.3891,,1.8447,0.5356,0.251007,0.0898001,0.168316,0.53352,0.324965,0.371352,0.308285,0.696317,0.120344,3.79786,0.287962,0.041,-0.14533,16.8955,-0.223056,96.1762,-0.10433,-0.374,-0.744603656232357,0.02499997615814209,0.429501,750.3099975585938,,,,,,,149.3,4.147222222,149.3,4.147222222,0.254,0.271,0.283,0.294,0.305,0.316,0.329,0.344,0.366,0.284,0.292,0.298,0.303,0.308,0.313,0.318,0.324,0.333,"Nick Loftin","27630",679845
"Addison Barger","TOR",37.73,151.458,135.038,32.1656,19.5341,7.6793,0.1869,4.7653,17.0541,17.3756,13.6009,0.1515,37.1895,1.3631,1.0627,0.3931,,1.5001,0.438,0.238196,0.0897998,0.245543,0.365719,0.311982,0.403698,0.31257,0.71568,0.165501,3.4083,0.29104,-0.014,-0.148451,18.0087,0.29142,105.007,-0.162451,-0.01,0.705185055732727,-1.7489999625831842,0.413639,658.469970703125,,,,,,,163.2,4.294736842,163.2,4.294736842,0.255,0.273,0.286,0.298,0.309,0.321,0.334,0.35,0.374,0.288,0.296,0.302,0.307,0.312,0.317,0.322,0.329,0.338,"Addison Barger","24598",680718
"Ezequiel Duran","TEX",38.73,155.231,144.149,36.6783,24.251,7.7147,0.647,4.0656,16.699,17.3048,8.1341,0.1552,36.513,1.3971,1.1026,0.4483,,2.6109,0.8749,0.254447,0.0523999,0.235217,0.222773,0.298544,0.401555,0.303479,0.700099,0.147108,4.68175,0.311567,-0.224,-0.0975586,17.3216,-0.837069,97.2816,-0.321559,0.204,-0.8043974041938782,-0.7179999947547913,0.377203,686.5999755859375,,,,,,,159.6,4.092307692,159.6,4.092307692,0.249,0.265,0.278,0.289,0.3,0.312,0.324,0.34,0.362,0.28,0.288,0.293,0.298,0.303,0.308,0.313,0.319,0.328,"Ezequiel Duran","23733",677649
"Noelvi Marte","CIN",42.78,169.643,155.276,37.5596,25.1428,7.3492,0.367,4.7006,18.5058,18.4372,10.942,0.1696,42.1419,1.6964,1.2086,0.5199,,5.2748,1.5314,0.241889,0.0645002,0.248415,0.259647,0.296814,0.384764,0.297426,0.681577,0.142875,4.88073,0.299693,0.146,0.137887,18.1032,-1.74134,83.3799,0.283887,-0.125,-3.0876718759536743,0.5879999995231628,0.325284,450.5199890136719,,,,,,,168,3.906976744,168,3.906976744,0.244,0.26,0.272,0.283,0.294,0.305,0.318,0.333,0.355,0.271,0.28,0.286,0.291,0.297,0.302,0.308,0.315,0.325,"Noelvi Marte","26517",682622
"Andruw Monasterio","MIL",29.69,120.339,105.708,25.2362,18.0354,5.1897,0.3058,1.7053,12.476,10.6399,12.2384,0,28.6679,1.2034,0.8391,0.3501,,3.5373,0.9919,0.238736,0.1017,0.238227,0.426903,0.322347,0.342013,0.297479,0.66436,0.103277,4.8764,0.308911,-0.077,0.0573028,12.8469,-1.23004,89.5185,-0.0196972,-0.453,-1.5280072782188654,0.1119999885559082,0.267633,750.52001953125,,,,,,,111.1,3.703333333,111.1,3.703333333,0.241,0.258,0.271,0.283,0.294,0.306,0.319,0.335,0.359,0.273,0.281,0.287,0.292,0.297,0.302,0.307,0.313,0.322,"Andruw Monasterio","19455",655316
"Jon Berti","CHC",28.79,110.865,99.7611,24.4907,18.3111,3.9651,0.4913,1.7233,12.0287,10.1713,8.9135,0.2217,24.1023,0.9978,0.7926,0.3996,,5.0116,1.1001,0.245493,0.0803998,0.217403,0.369819,0.311429,0.346913,0.291543,0.658342,0.101419,5.85837,0.30467,0.181,0.335779,11.3059,-1.66287,88.4408,0.516779,-0.566,-1.015653908252716,-0.21699997782707214,0.253986,691.1400146484375,,,,,,,101.5,3.5,101.5,3.5,0.232,0.25,0.263,0.276,0.288,0.3,0.314,0.331,0.356,0.266,0.274,0.28,0.286,0.291,0.296,0.302,0.309,0.318,"Jon Berti","12037",542932
"Eric Wagaman","MIA",39.72,164.395,150.781,37.8526,24.4474,8.0539,0.6672,4.6842,17.3698,18.5394,10.998,0,34.0765,1.1508,1.1359,0.329,,2.2301,0.6661,0.251044,0.0669,0.207285,0.322744,0.304764,0.406507,0.309194,0.711272,0.155464,4.36093,0.29312,-0.082,-0.112587,19.1002,-0.130324,95.1534,-0.194587,0.083,-1.1473592966794968,-1.9029999449849129,0.250361,745.9500122070312,,,,,,,174.7,4.3675,174.7,4.3675,0.254,0.271,0.284,0.295,0.306,0.317,0.33,0.346,0.368,0.283,0.292,0.298,0.303,0.309,0.314,0.319,0.326,0.336,"Eric Wagaman","23395",676572
"Brett Harris","ATH",14.68,57.5139,50.6257,11.7705,8.0248,2.127,0.1894,1.4293,6.2329,5.6985,5.4006,0,12.8184,0.8627,0.4185,0.2065,,0.8069,0.2451,0.2325,0.0939007,0.222875,0.421316,0.314685,0.366695,0.302184,0.68138,0.134195,4.20799,0.281038,0.009,-0.0506548,6.35778,-0.370084,100.323,-0.0416548,-0.101,-0.0203672144562006,0.14400000125169754,0.210778,999,,,,,,,51.3,3.42,51.3,3.42,0.222,0.245,0.263,0.279,0.295,0.312,0.331,0.355,0.391,0.278,0.286,0.292,0.297,0.302,0.306,0.312,0.318,0.327,"Brett Harris","29788",695391
"Bryan Ramos","CHW",36.6,149.676,136.124,31.6857,20.4886,5.9436,0.2041,5.0494,15.5687,16.6374,10.3725,0,34.8479,1.7961,1.028,0.3548,,1.8268,0.5896,0.23277,0.0692997,0.232822,0.297651,0.293691,0.390714,0.298928,0.684405,0.157944,3.49406,0.27388,0.036,-0.131176,16.1534,-1.35536,93.5517,-0.0951762,-0.003,-1.1995171159505844,-1.9609999447129667,0.188896,682.4099731445312,,,,,,,144.6,3.908108108,144.6,3.908108108,0.241,0.259,0.272,0.284,0.295,0.307,0.321,0.337,0.361,0.273,0.282,0.288,0.293,0.298,0.303,0.309,0.316,0.326,"Bryan Ramos","25621",682868
"Vinny Capra","MIL",37.09,150.488,133.729,31.1505,22.252,6.5092,0.3683,2.0211,14.8071,13.221,13.7847,0.1505,32.7904,1.5049,1.052,0.4169,,1.8497,0.5248,0.232937,0.0916002,0.217894,0.420388,0.309455,0.332461,0.286771,0.641915,0.0995235,3.80405,0.291382,-0.06,-0.137714,14.7686,-2.83516,82.3113,-0.197714,-0.838,-3.3808692693710327,0.07400000095367432,0.176039,999,,,,,,,127.7,3.451351351,127.7,3.451351351,0.235,0.251,0.263,0.273,0.284,0.294,0.307,0.321,0.343,0.262,0.27,0.276,0.281,0.286,0.291,0.296,0.303,0.312,"Vinny Capra","25040",681962
"Pablo Reyes","NYY",14.69,59.319,53.3409,13.0786,9.2055,2.3872,0.2181,1.2678,6.4458,5.9727,4.9235,0.0593,11.735,0.4746,0.414,0.1661,,1.5823,0.478,0.245189,0.0830004,0.197829,0.419557,0.312354,0.369424,0.300376,0.681778,0.124235,4.83595,0.289821,0.007,0.00807718,6.47099,-0.468031,95.075,0.0150772,-0.051,-0.3191996142268181,-0.0020000003278255463,0.171052,999,,,,,,,53.8,3.586666666,53.8,3.586666666,0.222,0.244,0.262,0.278,0.293,0.31,0.329,0.352,0.388,0.276,0.284,0.29,0.295,0.3,0.305,0.31,0.317,0.326,"Pablo Reyes","16357",622569
"José Fermín","STL",11.62,47.2069,41.2141,10.1514,7.1053,1.9453,0.179,0.9217,5.282,4.6476,4.7207,0,6.6025,0.8025,0.3324,0.1372,,1.3395,0.3979,0.246309,0.1,0.139863,0.714987,0.333008,0.369284,0.312514,0.702292,0.122975,4.8902,0.271284,-0.015,0.0070785,5.61089,0.0887213,101.478,-0.0079215,-0.201,0.0755018349736929,-0.006999999284744263,0.169431,999,,,,,,,50.1,4.175,50.1,4.175,0.224,0.249,0.268,0.286,0.304,0.323,0.344,0.371,0.412,0.285,0.294,0.301,0.306,0.312,0.317,0.323,0.331,0.341,"Jose Fermin","21746",665877
"Emmanuel Rivera","BAL",9.72,39.9583,36.1359,8.8971,5.9888,1.6026,0.2344,1.0713,4.3633,4.4247,3.0448,0,9.0267,0.3996,0.2813,0.0967,,0.2427,0.0709,0.246212,0.0761994,0.225903,0.33731,0.309609,0.392474,0.307194,0.702083,0.146262,4.02043,0.297342,-0.016,-0.0546258,4.57824,-0.0960041,102.501,-0.0706258,-0.15,0.04374144226312637,0.01199999451637268,0.143326,999,,,,,,,38.6,3.86,38.6,3.86,0.212,0.238,0.259,0.278,0.297,0.317,0.341,0.37,0.415,0.284,0.292,0.297,0.302,0.307,0.311,0.316,0.322,0.331,"Emmanuel Rivera","19890",656896
"Ildemaro Vargas","ARI",14.42,58.3174,53.6764,14.2059,10.0888,3.1483,0.247,0.7218,6.0152,5.8306,3.6157,0,6.7579,0.4665,0.4123,0.1465,,1.1992,0.3745,0.264658,0.0620003,0.115881,0.535033,0.314386,0.372857,0.301604,0.687242,0.108198,4.57686,0.289302,-0.045,-0.0236784,6.41935,-0.40251,91.0317,-0.0686784,-0.157,-0.6940949335694313,0.08299998939037323,0.137456,999,,,,,,,56.4,4.028571428,56.4,4.028571428,0.224,0.246,0.264,0.279,0.295,0.311,0.33,0.353,0.387,0.278,0.286,0.291,0.296,0.301,0.306,0.311,0.317,0.326,"Ildemaro Vargas","13324",545121
"Miles Mastrobuoni","SEA",13.18,52.1507,46.378,10.86,7.8859,2.2018,0.1149,0.6574,5.1164,4.4076,4.97,0.0522,11.5157,0.2608,0.375,0.167,,1.6039,0.3811,0.234163,0.0953007,0.220816,0.431585,0.309535,0.329117,0.285415,0.638652,0.0949545,4.71011,0.295044,0.023,0.0633215,5.06104,-1.03945,90.9368,0.0863215,-0.347,-0.4544934928417206,0.018999993801116943,0.134569,999,,,,,,,49.6,3.815384615,49.6,3.815384615,0.208,0.229,0.247,0.262,0.278,0.295,0.313,0.337,0.373,0.262,0.27,0.275,0.28,0.285,0.29,0.295,0.301,0.31,"Miles Mastrobuoni","20017",670156
"Abraham Toro","BOS",11.29,48.9832,44.25,11.0443,7.2401,2.5301,0.1782,1.096,5.7132,4.8346,3.7668,0.098,8.8323,0.4898,0.3147,0.1619,,0.6174,0.1711,0.249589,0.0768998,0.180313,0.42648,0.313406,0.389128,0.30721,0.702534,0.139539,4.35531,0.287221,-0.033,-0.03578,5.6129,-0.117061,94.0928,-0.06878,-0.155,-0.3998624458909035,0.03299999237060547,0.130751,748.5999755859375,,,,,,,49.6,4.509090909,49.6,4.509090909,0.22,0.244,0.264,0.281,0.299,0.317,0.338,0.365,0.405,0.285,0.292,0.297,0.302,0.307,0.311,0.316,0.322,0.33,"Abraham Toro","19844",647351
"Shay Whitcomb","HOU",16.13,65.4456,59.8371,13.5302,8.5823,2.5638,0.1595,2.2246,7.2383,7.5175,4.3129,0.1309,18.1666,0.6545,0.4632,0.1779,,1.63,0.4787,0.226117,0.0659006,0.277583,0.237408,0.283411,0.385828,0.290922,0.669239,0.15971,4.9827,0.283284,-0.032,0.0262166,6.64133,-1.01436,89.9762,-0.00578341,-0.182,-0.7563969800248742,-0.18199999630451202,0.128402,680.0700073242188,,,,,,,64.7,4.04375,64.7,4.04375,0.211,0.234,0.251,0.267,0.283,0.3,0.32,0.344,0.38,0.268,0.275,0.281,0.286,0.29,0.295,0.3,0.306,0.315,"Shay Whitcomb","27789",694376
"J.D. Davis","LAA",25.38,107.525,95.9739,21.8317,14.1841,4.0376,0.2146,3.3954,11.4211,11.9186,9.3654,0,34.0228,1.2903,0.7361,0.1592,,0.3359,0.1032,0.227475,0.0870997,0.316418,0.275268,0.302586,0.380152,0.300421,0.682739,0.152677,2.74587,0.310942,-0.143,-0.170663,11.7336,-0.844482,93.341,-0.313663,0.351,-1.1329227983951569,-1.2199999690055847,0.127184,734.8800048828125,,,,,,,97,3.88,97,3.88,0.237,0.256,0.27,0.283,0.296,0.309,0.324,0.342,0.369,0.277,0.285,0.29,0.295,0.3,0.305,0.31,0.316,0.324,"J.D. Davis","16219",605204
"Graham Pauley","MIA",37.12,148.817,133.327,30.4642,19.3408,6.3292,0.3843,4.4099,15.6913,15.787,12.337,0.4465,35.6916,1.637,1.0635,0.4531,,1.8695,0.5584,0.228493,0.0829002,0.239835,0.345656,0.299521,0.380956,0.297566,0.680477,0.152464,4.08855,0.276324,-0.003,-0.111666,15.8976,-1.51081,87.3266,-0.114666,0.208,-2.369991607964039,-1.4009999632835388,0.122361,999,,,,,,,133,3.594594594,133,3.594594594,0.241,0.258,0.271,0.283,0.294,0.306,0.319,0.335,0.359,0.271,0.28,0.286,0.292,0.297,0.302,0.308,0.315,0.325,"Graham Pauley","31363",688363
"Nick Maton","CHW",17.31,71.8507,62.3794,13.5782,8.6986,2.7211,0.2187,1.9397,7.4392,7.1136,7.9395,0.1437,17.8842,0.8622,0.5035,0.1661,,0.4705,0.147,0.217671,0.1105,0.248908,0.443939,0.3122,0.361589,0.299126,0.673788,0.143918,3.41857,0.270292,0.012,-0.102422,7.76576,-0.639198,93.6908,-0.0904216,-0.58,-0.6091182231903076,-0.6209999844431877,0.120325,999,,,,,,,70.9,4.170588235,70.9,4.170588235,0.215,0.238,0.257,0.273,0.29,0.308,0.328,0.353,0.391,0.274,0.282,0.288,0.293,0.297,0.302,0.307,0.313,0.322,"Nick Maton","21635",665155
"Livan Soto","BAL",12.75,51.4825,45.8096,10.4879,7.7454,1.9774,0.1175,0.6476,5.0669,4.308,4.7415,0.0515,11.4845,0.4119,0.3614,0.1582,,0.4942,0.1476,0.228945,0.0920992,0.223076,0.412861,0.304754,0.319651,0.279925,0.624405,0.0907059,3.60364,0.28909,0.009,-0.0623353,4.76871,-1.25362,83.3198,-0.0533353,0.043,-1.035915207117796,0.46800001338124275,0.118592,999,,,,,,,40.2,3.092307692,40.2,3.092307692,0.202,0.224,0.241,0.257,0.272,0.289,0.308,0.331,0.367,0.255,0.263,0.269,0.274,0.279,0.284,0.29,0.296,0.305,"Livan Soto","22471",670869
"Buddy Kennedy","PHI",13.03,54.0037,47.1441,10.818,7.2804,2.3512,0.196,0.9904,5.7751,4.9986,5.6974,0.108,12.413,0.648,0.3699,0.1442,,0.4957,0.154,0.229467,0.1055,0.229855,0.458987,0.31867,0.350678,0.298201,0.669348,0.121211,4.09199,0.28811,-0.029,-0.0699192,5.79662,-0.520625,89.7868,-0.0989192,-0.121,-0.7584643512964249,0.09599999338388443,0.117314,999,,,,,,,50.8,3.907692307,50.8,3.907692307,0.218,0.241,0.259,0.275,0.291,0.308,0.327,0.351,0.387,0.275,0.282,0.288,0.293,0.298,0.302,0.308,0.314,0.323,"Buddy Kennedy","22505",671083
"Jordan Diaz","ATH",6.42,26.5749,24.6348,6.1943,4.0711,1.2014,0.0506,0.8712,2.875,3.1103,1.459,0,5.2226,0.2392,0.184,0.0579,,0.0774,0.0248,0.251445,0.0549015,0.196524,0.279363,0.297639,0.410415,0.306988,0.708055,0.15897,2.75749,0.284278,-0.006,-0.0400979,3.04043,-0.068249,103.703,-0.0460979,-0.024,0.06648994982242584,0.08300000056624413,0.106931,999,,,,,,,23.9,3.983333333,23.9,3.983333333,0.192,0.221,0.246,0.268,0.291,0.316,0.345,0.383,0.442,0.283,0.29,0.296,0.302,0.306,0.311,0.317,0.323,0.332,"Jordan Diaz","22650",672478
"Trey Lipscomb","WSN",19.78,77.6787,71.8674,17.7636,12.9061,3.4695,0.1584,1.2296,7.5326,7.2732,4.3811,0,15.4802,0.6214,0.5582,0.2507,,2.1072,0.6118,0.247172,0.0564003,0.199285,0.283013,0.294029,0.351184,0.283753,0.645213,0.104012,4.61686,0.296756,-0.016,0.0323148,7.43455,-1.65216,81.0157,0.0163148,-0.181,-1.7471170853823423,0.14900001883506775,0.102107,744.739990234375,,,,,,,62.9,3.145,62.9,3.145,0.215,0.235,0.25,0.264,0.278,0.293,0.309,0.329,0.36,0.258,0.266,0.272,0.278,0.283,0.288,0.294,0.301,0.31,"Trey Lipscomb","31567",702358
"David Bote","LAD",12.75,52.2687,47.1664,10.8445,6.858,2.4272,0.1164,1.443,5.7832,5.702,3.8679,0,13.2491,0.7318,0.359,0.1435,,0.4169,0.1203,0.22992,0.0740004,0.253481,0.291937,0.296291,0.3781,0.295956,0.674391,0.14818,3.67513,0.28634,-0.049,-0.0557713,5.51594,-0.598344,90.5637,-0.104771,-0.403,-0.6945696026086807,-0.1899999976158142,0.0884087,999,,,,,,,44.8,3.446153846,44.8,3.446153846,0.211,0.235,0.253,0.27,0.287,0.306,0.326,0.352,0.392,0.27,0.279,0.285,0.29,0.295,0.3,0.306,0.313,0.323,"David Bote","14593",623520
"Anthony Rendon","LAA",5.79,25.3414,22.2049,5.4296,3.7261,1.129,0.0511,0.5235,2.8899,2.4282,2.5113,0,4.592,0.4055,0.1595,0.0602,,0.428,0.1152,0.244523,0.0990986,0.181205,0.546886,0.330143,0.370702,0.311634,0.700844,0.126179,4.22927,0.28443,-0.011,-0.0134853,2.99406,0.0296737,101.228,-0.0244853,-0.107,0.011132869869470596,-0.010999999940395355,0.0872596,999,,,,,,,27.3,4.55,27.3,4.55,0.2,0.229,0.253,0.275,0.297,0.321,0.349,0.385,0.442,0.284,0.293,0.3,0.305,0.311,0.316,0.323,0.33,0.34,"Anthony Rendon","12861",543685
"Kody Clemens","PHI",17.8,70.5035,64.4068,14.6685,8.7527,2.8724,0.3994,2.644,7.9605,8.5389,4.8154,0,17.6024,0.564,0.5021,0.2152,,0.6944,0.1924,0.227748,0.0683001,0.249667,0.273565,0.285224,0.407903,0.300184,0.693126,0.180155,4.57357,0.26923,-0.024,-0.0505797,7.6802,-0.567169,91.1215,-0.0745797,-0.541,-0.8231133967638016,-0.7390000075101852,0.0811478,748.9299926757812,,,,,,,76.8,4.266666666,76.8,4.266666666,0.221,0.244,0.261,0.277,0.293,0.31,0.329,0.352,0.388,0.277,0.285,0.29,0.295,0.3,0.304,0.309,0.315,0.324,"Kody Clemens","20572",665019
"Tyler Nevin",,9.04,37.6872,33.377,7.9686,5.1902,1.5526,0.1205,1.1053,4.2095,4.1429,3.3918,0,8.4778,0.5653,0.2638,0.0893,,0.1969,0.0595,0.238745,0.0899987,0.224952,0.40008,0.317191,0.39183,0.311864,0.70902,0.153084,3.40206,0.285285,-0.02,-0.0569122,4.4597,0.0511205,101.215,-0.0769122,0.193,-0.023322954773902893,-0.5610000044107437,0.0693354,999,,,,,,,39,4.333333333,39,4.333333333,0.213,0.24,0.261,0.281,0.301,0.322,0.346,0.377,0.425,0.289,0.296,0.302,0.307,0.311,0.316,0.321,0.327,0.336,"Tyler Nevin","17893",663527
"Jonathan Ornelas","TEX",14.12,57.7001,52.5217,12.1285,8.9396,2.1,0.263,0.8259,5.7804,4.8737,4.0102,0.1154,15.3731,0.577,0.3995,0.1917,,0.9153,0.2375,0.230924,0.0695007,0.266431,0.260858,0.290665,0.328097,0.274023,0.618762,0.0971732,4.75912,0.307787,-0.01,-0.0189775,5.07052,-1.67913,76.5611,-0.0289774,-0.158,-1.5764377675950527,0.31299997866153717,0.068166,999,,,,,,,46.3,3.307142857,46.3,3.307142857,0.199,0.22,0.237,0.252,0.267,0.283,0.301,0.324,0.358,0.25,0.258,0.263,0.268,0.273,0.278,0.284,0.29,0.299,"Jonathan Ornelas","24597",680716
"Nick Madrigal","NYM",5.59,22.4382,20.5487,5.5778,4.1942,1.0991,0.0987,0.1858,2.3473,2.1028,1.2408,0,2.6631,0.4263,0.1571,0.0652,,0.4243,0.1218,0.271443,0.0552986,0.118686,0.465923,0.323825,0.361663,0.302896,0.685488,0.0902198,4.6142,0.301956,-0.06,-0.0107296,2.49325,-0.131526,97.0501,-0.0707296,-0.042,-0.14988072961568832,0.05100000277161598,0.0669584,999,,,,,,,18.5,3.083333333,18.5,3.083333333,0.191,0.22,0.243,0.265,0.288,0.312,0.34,0.377,0.434,0.276,0.285,0.291,0.297,0.302,0.308,0.314,0.321,0.331,"Nick Madrigal","20521",663611
"Andre Lipcius","CHW",6.76,27.5361,24.4801,5.6127,3.8028,1.0469,0.0597,0.7033,2.7884,2.6962,2.5994,0.0275,6.5582,0.1928,0.19,0.0739,,0.2498,0.0721,0.229276,0.0943996,0.238167,0.396359,0.306052,0.363107,0.295752,0.669159,0.133831,3.42372,0.28201,-0.003,-0.0310744,2.90137,-0.319752,91.3172,-0.0340744,-0.09,-0.3076453395187855,0.022999994456768036,0.0654044,999,,,,,,,30.9,4.414285714,30.9,4.414285714,0.188,0.216,0.239,0.26,0.282,0.305,0.332,0.367,0.421,0.274,0.281,0.286,0.291,0.295,0.3,0.305,0.31,0.318,"Andre Lipcius","25822",686531
"Diego A. Castillo",,5.91,23.8268,20.9654,4.8055,3.3032,1.0358,0.0603,0.4062,2.49,2.1591,2.4303,0.0238,4.9059,0.1906,0.1675,0.073,,0.4071,0.1335,0.229211,0.101998,0.205898,0.495383,0.31264,0.342493,0.292284,0.655133,0.113282,4.09292,0.278071,-0.002,-0.019216,2.44405,-0.343172,87.746,-0.021216,0.093,-0.3628274891525507,0.19200000166893005,0.0643463,999,,,,,,,15.9,2.65,15.9,2.65,0.182,0.21,0.233,0.255,0.277,0.301,0.329,0.365,0.421,0.27,0.277,0.283,0.287,0.292,0.296,0.301,0.307,0.316,"Diego A. Castillo","19906",660636
"Nick Senzel","CHW",8.35,34.2024,30.5458,6.8047,4.6056,1.2633,0.0468,0.889,3.3784,3.3632,3.0235,0.0684,7.5754,0.3078,0.2383,0.087,,0.506,0.1871,0.22277,0.0884002,0.221487,0.399121,0.297109,0.354504,0.287843,0.651613,0.131733,3.54149,0.265044,0.032,-0.0366782,3.38606,-0.614874,85.754,-0.00467822,-0.095,-0.562191457953304,0.04399999976158142,0.064235,999,,,,,,,31.4,3.925,31.4,3.925,0.176,0.204,0.227,0.249,0.272,0.296,0.325,0.362,0.42,0.264,0.272,0.277,0.282,0.287,0.292,0.297,0.304,0.313,"Nick Senzel","19293",669222
"Tyler Wade","SDP",24.86,100.567,90.7127,20.1823,15.0658,3.8017,0.2524,1.0624,9.8666,7.99,7.9247,0,24.3836,0.9051,0.7085,0.3159,,4.7001,1.2569,0.222486,0.0788003,0.242462,0.325001,0.289395,0.305095,0.266775,0.59449,0.0826092,5.37607,0.289804,0.153,0.242373,8.25093,-3.51319,72.9015,0.395373,-0.71,-2.8634505569934845,0.08700001239776611,0.0591292,999,,,,,,,75.7,3.028,75.7,3.028,0.208,0.225,0.239,0.251,0.262,0.275,0.289,0.306,0.331,0.241,0.249,0.255,0.261,0.266,0.271,0.277,0.284,0.293,"Tyler Wade","15730",642180
"Armando Alvarez","MIN",4.87,19.8421,17.9551,4.1433,2.6029,0.9229,0.0474,0.57,2.1269,2.1499,1.5536,0.0198,4.6935,0.1389,0.139,0.0554,,0.2325,0.0675,0.230759,0.0782981,0.236542,0.331011,0.294937,0.382671,0.296123,0.677608,0.151912,3.85301,0.278498,-0.008,-0.0145828,2.09661,-0.224483,92.7653,-0.0225828,-0.129,-0.18683569505810738,-0.047999992966651917,0.0440595,999,,,,,,,22.7,4.54,22.7,4.54,0.171,0.201,0.227,0.251,0.276,0.304,0.336,0.379,0.446,0.271,0.279,0.285,0.291,0.295,0.301,0.306,0.313,0.322,"Armando Alvarez","19292",669137
"Miguel Sanó",,13.79,57.7446,51.365,11.3045,6.5189,2.1089,0.1539,2.5228,6.6841,7.3631,5.1393,0,19.6728,0.7507,0.3881,0.1016,,0.3164,0.0977,0.220082,0.0890005,0.340686,0.261239,0.298292,0.414477,0.310376,0.712769,0.194395,3.4478,0.297106,-0.054,-0.0742254,6.76401,0.00914795,100.191,-0.128225,-0.006,-0.11529472563415766,-1.384999948553741,0.0437543,999,,,,,,,62.6,4.471428571,62.6,4.471428571,0.223,0.247,0.267,0.284,0.302,0.32,0.342,0.368,0.409,0.281,0.291,0.298,0.304,0.309,0.315,0.322,0.33,0.341,"Miguel Sano","12164",593934
"Braden Shewmake","NYY",7.29,28.9699,26.8855,6.0063,3.888,1.2469,0.0835,0.7879,3.0242,3.0883,1.5354,0,6.0761,0.2607,0.2045,0.0838,,0.8723,0.2167,0.223403,0.0529999,0.209738,0.252695,0.270109,0.36391,0.276457,0.634019,0.140507,5.35884,0.258005,-0.002,0.0418338,2.60254,-0.786298,78.2495,0.0398338,-0.008,-0.681142196059227,0.1129999989643693,0.0410616,999,,,,,,,26.8,3.828571428,26.8,3.828571428,0.171,0.197,0.22,0.24,0.261,0.285,0.311,0.346,0.401,0.25,0.258,0.265,0.27,0.276,0.281,0.287,0.294,0.304,"Braden Shewmake","25817",669699
"Zack Short","HOU",5.35,21.2716,18.229,3.5602,2.3176,0.7566,0.0512,0.4348,2.1981,1.8535,2.6547,0.0638,6.1978,0.1702,0.1513,0.0665,,0.3603,0.0935,0.195304,0.1248,0.291365,0.428329,0.30111,0.313983,0.277805,0.615093,0.118679,4.43451,0.266044,-0.014,-0.00589134,1.93405,-0.554266,80.7495,-0.0198913,0.05,-0.4884312991052866,0.13900000229477882,0.0371458,999,,,,,,,16.3,3.26,16.3,3.26,0.153,0.183,0.208,0.232,0.256,0.284,0.316,0.359,0.428,0.253,0.261,0.267,0.272,0.277,0.282,0.287,0.294,0.303,"Zack Short","19562",670097
"Luis Vazquez","BAL",3.58,14.5569,13.213,2.9981,2.0766,0.5796,0.0282,0.3137,1.4903,1.3991,0.9942,0.0146,3.549,0.2038,0.1024,0.0435,,0.1714,0.0535,0.226905,0.0682977,0.243803,0.280135,0.289119,0.346265,0.280553,0.635384,0.11936,3.93364,0.283982,-0.002,-0.0131171,1.35573,-0.347105,83.7617,-0.0151171,-0.057,-0.28558349795639515,0.12200000509619713,0.0332221,999,,,,,,,9.7,2.425,9.7,2.425,0.14,0.172,0.199,0.225,0.253,0.284,0.321,0.371,0.454,0.254,0.263,0.269,0.275,0.28,0.285,0.291,0.298,0.308,"Luis Vazquez","23442",676679
"CJ Alexander","ATH",3.5,14.1266,13.1244,2.9372,1.7902,0.6138,0.0669,0.4663,1.4807,1.5922,0.7614,0,3.7588,0.0989,0.1003,0.0416,,0.1164,0.0338,0.223797,0.0538984,0.26608,0.202565,0.269613,0.387347,0.284448,0.65696,0.16355,4.17164,0.274557,-0.006,-0.0113281,1.35994,-0.292563,87.8473,-0.0173281,-0.023,-0.2137621007859707,0.03499999828636646,0.0301731,999,,,,,,,9.7,2.425,9.7,2.425,0.131,0.163,0.192,0.22,0.25,0.284,0.326,0.383,0.479,0.26,0.268,0.274,0.279,0.284,0.289,0.294,0.3,0.309,"CJ Alexander","20557",680769
"Charles Leblanc","ATL",3.91,16.0875,14.0204,3.1311,2.0742,0.6228,0.06,0.3741,1.7679,1.5977,1.768,0.0322,4.9001,0.1448,0.111,0.0433,,0.1433,0.0428,0.223325,0.109899,0.304591,0.360809,0.314375,0.356352,0.298073,0.670727,0.133028,4.07899,0.311272,0,-0.0198872,1.72513,-0.156752,89.0972,-0.0198872,-0.089,-0.22963029518723488,-0.024000003933906555,0.0291345,999,,,,,,,11.7,2.925,11.7,2.925,0.166,0.198,0.224,0.249,0.276,0.305,0.339,0.384,0.457,0.275,0.283,0.288,0.293,0.298,0.302,0.307,0.313,0.322,"Charles Leblanc","19813",641779
"Danny Mendick","CHW",3.73,14.7879,13.4479,3.1323,2.156,0.6182,0.0218,0.3363,1.4517,1.4387,1.0248,0,3.2288,0.1627,0.1063,0.0463,,0.3081,0.092,0.232921,0.0692999,0.218341,0.317393,0.293033,0.357156,0.286521,0.650189,0.124235,4.05206,0.279905,-0.01,-0.0020289,1.44828,-0.281582,84.8242,-0.0120289,-0.005,-0.2688103634864092,0.05699999909847975,0.0290368,999,,,,,,,9.7,2.425,9.7,2.425,0.152,0.183,0.209,0.235,0.262,0.291,0.327,0.374,0.452,0.262,0.27,0.276,0.281,0.286,0.291,0.296,0.303,0.312,"Danny Mendick","18889",664901
"Patrick Wisdom",,3.43,14.1209,12.5701,2.6065,1.3304,0.5127,0.0544,0.7089,1.7146,1.834,1.2285,0,4.8898,0.1836,0.0986,0.04,,0.2449,0.0711,0.207357,0.0869988,0.346282,0.251237,0.285396,0.425979,0.307828,0.711375,0.218622,4.92216,0.268402,-0.02,-0.00146092,1.62511,-0.0267184,98.4388,-0.0214609,0.037,-0.047254299744963646,-0.24900001287460327,0.017994,999,,,,,,,19.1,6.366666666,19.1,6.366666666,0.15,0.185,0.214,0.244,0.275,0.31,0.353,0.41,0.505,0.284,0.292,0.297,0.302,0.307,0.312,0.317,0.324,0.333,"Patrick Wisdom","13602",621550
"Alan Trejo","TEX",4.21,16.7149,15.3679,3.4471,2.2841,0.747,0.0571,0.3589,1.6465,1.6376,1.0096,0,4.2646,0.1671,0.1201,0.0501,,0.2223,0.0741,0.224305,0.0604012,0.255138,0.23674,0.277461,0.350406,0.275641,0.627866,0.126101,4.27246,0.284247,-0.01,-0.0128651,1.49062,-0.464652,77.6992,-0.0228651,-0.046,-0.4493747800588608,0.024000000208616257,0.0136146,999,,,,,,,7.7,1.925,7.7,1.925,0.146,0.176,0.201,0.226,0.252,0.28,0.315,0.36,0.434,0.251,0.259,0.265,0.27,0.275,0.28,0.285,0.292,0.301,"Alan Trejo","20056",676701
"Luis De Los Santos","NYM",3.58,14.4653,13.0656,2.7987,1.8517,0.5601,0.0503,0.3366,1.4639,1.4125,1.0965,0,3.9876,0.1591,0.1019,0.0422,,0.1526,0.0451,0.214204,0.0758023,0.275667,0.274977,0.281098,0.342059,0.275625,0.623156,0.127855,4.09862,0.278414,-0.005,-0.0122699,1.28982,-0.402298,78.6946,-0.0172699,-0.03,-0.38580301590263844,0.029999999329447746,0.0130031,999,,,,,,,9.7,2.425,9.7,2.425,0.14,0.171,0.197,0.222,0.249,0.279,0.315,0.364,0.444,0.249,0.258,0.264,0.27,0.275,0.28,0.286,0.293,0.303,"Luis De Los Santos","21682",665782
"Tristan Gray","CHW",10.73,43.5688,39.8995,8.2843,4.9922,1.6149,0.1263,1.5509,4.3532,4.7465,2.8015,0,13.8531,0.4357,0.3089,0.1232,,0.1858,0.0558,0.207629,0.0643006,0.317959,0.202229,0.265194,0.371045,0.277391,0.636238,0.163416,3.28199,0.27146,-0.034,-0.0503893,3.94682,-1.14977,78.4019,-0.0843893,-0.547,-1.1610945984721184,-0.1889999806880951,0.0105647,999,,,,,,,38.4,3.49090909,38.4,3.49090909,0.125,0.157,0.186,0.214,0.244,0.279,0.321,0.379,0.477,0.257,0.265,0.27,0.275,0.279,0.284,0.289,0.295,0.303,"Tristan Gray","19877",656484
"Mike Brosseau","SDP",1.98,8.2638,7.4508,1.6132,1.0825,0.2596,0.0143,0.2568,0.8709,0.8592,0.6016,0,2.233,0.1322,0.0563,0.0229,,0.0525,0.0138,0.216514,0.0727995,0.270215,0.269413,0.284799,0.358592,0.283825,0.643391,0.142079,3.42684,0.270345,-0.013,-0.0094241,0.791396,-0.175287,84.377,-0.0224241,-0.052,-0.17680957354605198,-0.01900000125169754,0.00819851,999,,,,,,,7.2,3.6,7.2,3.6,0.087,0.119,0.15,0.182,0.219,0.263,0.32,0.402,0.551,0.258,0.266,0.273,0.278,0.283,0.288,0.294,0.301,0.311,"Mike Brosseau","19683",670712
"Johan Camargo",,0.86,3.5028,3.1344,0.7337,0.5091,0.1372,0.0106,0.0767,0.368,0.3401,0.3012,0,0.7366,0.0315,0.0245,0.0111,,0.0308,0.0086,0.23408,0.0859885,0.210289,0.408906,0.305419,0.357995,0.293647,0.663414,0.123915,3.8222,0.280099,-0.002,-0.0039669,0.363143,-0.0466069,88.6837,-0.0059669,-0.05,-0.05234438041225076,-0.006999999284744263,0.00592429,999,,,,,,,2.6,2.6,2.6,2.6,0.083,0.116,0.148,0.182,0.22,0.267,0.328,0.417,0.583,0.266,0.275,0.281,0.287,0.293,0.299,0.305,0.312,0.323,"Johan Camargo","14950",622666
"Drew Ellis",,1.29,5.17461,4.4607,0.9271,0.553,0.201,0.0172,0.1558,0.5667,0.5366,0.6106,0.0155,1.4051,0.0517,0.0366,0.015,,0.048,0.0139,0.207837,0.117999,0.271537,0.43456,0.308047,0.365369,0.298155,0.673416,0.157531,4.07802,0.262669,-0.003,-0.00549892,0.55524,-0.0500767,91.7848,-0.00849892,0.048,-0.0582366157323122,-0.05900000035762787,0.00569809,999,,,,,,,4.6,4.6,4.6,4.6,0.054,0.083,0.112,0.146,0.187,0.239,0.31,0.422,0.645,0.273,0.281,0.287,0.292,0.298,0.303,0.308,0.315,0.324,"Drew Ellis","19873",656403
"Cole Tucker",,3.45,14.2011,12.6431,2.6829,1.908,0.5518,0.0493,0.1738,1.3331,1.1603,1.3349,0,4.0079,0.0852,0.0993,0.0386,,0.2298,0.0746,0.212203,0.0939998,0.282225,0.333067,0.289709,0.304886,0.267636,0.594594,0.092683,4.55364,0.293095,0.002,-0.0105202,1.17495,-0.486264,70.7901,-0.00852025,0.017,-0.49385396018624306,0.07499999925494194,0.00560816,999,,,,,,,9.7,3.233333333,9.7,3.233333333,0.14,0.169,0.194,0.218,0.244,0.272,0.306,0.351,0.425,0.242,0.25,0.257,0.262,0.267,0.272,0.278,0.284,0.294,"Cole Tucker","17326",657061
"Carter Kieboom","LAA",0.91,3.73162,3.3085,0.7299,0.5074,0.1262,0.0069,0.0894,0.3733,0.3582,0.3511,0,0.9641,0.0373,0.0263,0.0084,,0.0276,0.0086,0.220614,0.0940878,0.25836,0.364174,0.30036,0.343993,0.287042,0.644353,0.123379,3.2985,0.280761,-0.002,-0.00503309,0.367026,-0.0694915,83.9297,-0.00703309,-0.014,-0.07564926892518997,0.0009999992325901985,0.00513768,999,,,,,,,2.6,2.6,2.6,2.6,0.077,0.108,0.139,0.172,0.21,0.257,0.318,0.408,0.578,0.261,0.269,0.275,0.281,0.286,0.292,0.298,0.305,0.315,"Carter Kieboom","19958",666198
"Davis Wendzel","CIN",3.26,13.3933,11.9769,2.4818,1.5524,0.4772,0.0141,0.4381,1.4282,1.4038,1.1076,0.0134,3.5775,0.1741,0.093,0.0416,,0.1069,0.0321,0.207216,0.082698,0.267111,0.309602,0.281876,0.35915,0.282435,0.641026,0.151934,3.34943,0.25374,-0.005,-0.0138829,1.26765,-0.299074,73.2901,-0.0188829,-0.023,-0.44666328094899654,0.03100000135600567,0.00313421,999,,,,,,,2.2,0.733333333,2.2,0.733333333,0.14,0.171,0.199,0.225,0.254,0.285,0.323,0.375,0.46,0.259,0.267,0.272,0.277,0.282,0.287,0.292,0.298,0.307,"Davis Wendzel","26469",673995
"Taylor Motter",,0.37,1.48388,1.3128,0.2783,0.181,0.055,0.004,0.0384,0.1529,0.1473,0.1441,0.003,0.4142,0.0119,0.0106,0.0045,,0.017,0.0047,0.21199,0.0971106,0.279134,0.3479,0.293565,0.347806,0.284107,0.641371,0.135817,4.04105,0.275494,-0.002,-0.0011396,0.142443,-0.0311383,82.3578,-0.0031396,-0.008,-0.03444438683800399,-0.0020000003278255463,0.00133953,999,,,,,,,-1,,-1,,,,,,,,,,,,,,,,,,,,"Taylor Motter","12399",600301
"Joey Wendle",,1.25,4.98525,4.6763,1.1072,0.7668,0.2484,0.0264,0.0657,0.4663,0.4569,0.2094,0,1.0194,0.0499,0.0351,0.0146,,0.1039,0.029,0.236768,0.0420039,0.204483,0.205415,0.274911,0.343348,0.2705,0.618259,0.10658,5.06565,0.287207,-0.005,0.0009364,0.423956,-0.159209,72.7604,-0.0040636,-0.012,-0.16294608311727643,0.008999999612569809,0.00125521,999,,,,,,,0.6,0.6,0.6,0.6,0.084,0.115,0.145,0.175,0.21,0.251,0.305,0.382,0.523,0.244,0.252,0.259,0.264,0.27,0.275,0.281,0.288,0.298,"Joey Wendle","13853",621563
"Ehire Adrianza",,0.58,2.38568,2.1474,0.4767,0.3297,0.0975,0.0144,0.035,0.2324,0.2103,0.1909,0,0.5712,0.0239,0.0167,0.0069,,0.0289,0.008,0.221989,0.0800193,0.239429,0.334209,0.290681,0.329654,0.275929,0.620335,0.107665,4.67972,0.283523,-0.002,-0.00175748,0.213307,-0.065765,76.495,-0.00375748,-0.008,-0.06936614820733666,0.0019999993965029716,0.00125177,999,,,,,,,-2,-2,-2,-2,0.058,0.086,0.115,0.147,0.184,0.231,0.295,0.393,0.583,0.244,0.254,0.262,0.269,0.275,0.281,0.288,0.297,0.309,"Ehire Adrianza","8418",501303
"Jonathan Schoop",,0.24,1,0.9251,0.2116,0.1464,0.0419,0.003,0.0203,0.0946,0.0947,0.0553,0.001,0.2195,0.01,0.0069,0.0027,,0.0101,0.0027,0.228732,0.0553,0.2195,0.251936,0.27765,0.346341,0.273655,0.623991,0.117609,3.99363,0.276365,0,-0.000736451,0.0875812,-0.0293969,77.4758,-0.000736451,0,-0.02650883240858093,0.004000000189989805,0.00111816,999,,,,,,,-1,,-1,,,,,,,,,,,,,,,,,,,,"Jonathan Schoop","11265",570731
"Matt Reynolds",,0.25,1,0.893,0.1958,0.1303,0.0441,0.0034,0.018,0.0993,0.0906,0.089,0.002,0.292,0.008,0.007,0.003,,0.0114,0.003,0.219261,0.089,0.292,0.304795,0.293681,0.33673,0.279621,0.630411,0.117469,4.34047,0.301356,-0.001,-0.000713182,0.0923828,-0.0245952,79.0346,-0.00171318,-0.002,-0.02624290168751031,0.0020000000949949026,0.000937283,999,,,,,,,-1,,-1,,,,,,,,,,,,,,,,,,,,"Matt Reynolds","13788",608703
"Josh Donaldson",,0.24,1,0.8829,0.1808,0.1119,0.0365,0.0022,0.0302,0.1034,0.1041,0.097,0.001,0.2781,0.011,0.007,0.002,,0.007,0.0022,0.20478,0.097,0.2781,0.348795,0.289408,0.353721,0.284808,0.643128,0.148941,3.34763,0.258941,-0.003,-0.00121867,0.0965582,-0.0204199,82.6032,-0.00421867,-0.004,-0.024573044385761023,0,0.000903186,999,,,,,,,-1,,-1,,,,,,,,,,,,,,,,,,,,"Josh Donaldson","5038",518626
"Eduardo Escobar",,0.25,1,0.9181,0.2087,0.1359,0.0364,0.0072,0.0292,0.104,0.109,0.066,0.002,0.2543,0.006,0.0071,0.0028,,0.008,0.0024,0.227317,0.066,0.2543,0.259536,0.281488,0.378063,0.286583,0.659552,0.150746,4.53547,0.279726,-0.002,-0.000997065,0.0979869,-0.0189912,83.8243,-0.00299707,-0.007,-0.021922739455476403,-0.003000000026077032,0.000867071,999,,,,,,,-1,,-1,,,,,,,,,,,,,,,,,,,,"Eduardo Escobar","6153",500871
"Jean Segura",,0.25,1,0.916,0.2165,0.1635,0.034,0.0036,0.0154,0.0927,0.0895,0.063,0.002,0.1823,0.012,0.0068,0.0023,,0.0201,0.0062,0.236354,0.063,0.1823,0.345584,0.292143,0.331769,0.275937,0.623911,0.0954148,4.47684,0.277341,-0.001,-0.000357598,0.0894178,-0.0275603,76.5004,-0.0013576,-0.003,-0.028852359857410192,0.0010000001639127731,0.000564506,999,,,,,,,-1,,-1,,,,,,,,,,,,,,,,,,,,"Jean Segura","5933",516416
"Josh Harrison",,0.25,1,0.9211,0.2193,0.158,0.0429,0.004,0.0144,0.0947,0.0911,0.048,0,0.2026,0.021,0.007,0.0029,,0.0099,0.0031,0.238085,0.048,0.2026,0.23692,0.289138,0.340245,0.278009,0.629384,0.10216,4.02693,0.288145,-0.002,-0.0010671,0.0910853,-0.0258927,77.9256,-0.0030671,-0.004,-0.028894321527332067,0,0.000456895,999,,,,,,,-1,,-1,,,,,,,,,,,,,,,,,,,,"Josh Harrison","8202",543281
"Hanser Alberto",,0.25,1,0.9482,0.2326,0.1597,0.0545,0.0052,0.0132,0.0937,0.0954,0.033,0,0.1707,0.009,0.0071,0.0027,,0.0107,0.003,0.245307,0.033,0.1707,0.193322,0.275343,0.355516,0.274463,0.630859,0.110209,4.41525,0.284418,0,-0.000666921,0.0882316,-0.0287464,75.4866,-0.000666921,-0.004,-0.029347850650083274,0,0.000410055,999,,,,,,,-1,,-1,,,,,,,,,,,,,,,,,,,,"Hanser Alberto","11902",593643
"Aaron Schunk","COL",3.66,14.4661,13.4803,3.3324,2.2368,0.7331,0.0767,0.2858,1.5028,1.4507,0.7363,0.0289,3.4294,0.1013,0.1031,0.0452,,0.2948,0.0901,0.247205,0.0508983,0.237065,0.214702,0.289162,0.376572,0.289049,0.665733,0.129367,4.98614,0.308729,-0.001,-0.00156744,1.44619,-0.246026,71.111,-0.00256744,-0.037,-0.502308283932507,0.024000000208616257,0.00035398,745.4000244140625,,,,,,,9.7,2.425,9.7,2.425,0.151,0.183,0.21,0.236,0.263,0.294,0.33,0.379,0.458,0.266,0.273,0.279,0.284,0.288,0.293,0.298,0.305,0.313,"Aaron Schunk","25524",668845
"Evan Longoria",,0.24,1,0.9039,0.19,0.1204,0.0373,0.0023,0.0301,0.1005,0.1053,0.079,0.001,0.3146,0.008,0.0071,0.002,,0.0053,0.0017,0.2102,0.079,0.3146,0.251113,0.277555,0.356566,0.278649,0.634121,0.146366,3.39486,0.282359,-0.003,-0.00125751,0.0916004,-0.0253776,78.3659,-0.00425751,-0.005,-0.029569644015282393,-0.0009999996982514858,0.000283871,999,,,,,,,-1,,-1,,,,,,,,,,,,,,,,,,,,"Evan Longoria","9368",446334
"Juniel Querecuto",,0.25,1,0.9165,0.209,0.1493,0.0387,0.0033,0.0177,0.0958,0.0924,0.0644,0,0.2363,0.009,0.0071,0.003,,0.013,0.0037,0.228041,0.0644,0.2363,0.272535,0.28325,0.335406,0.273393,0.618656,0.107365,4.2051,0.285693,-0.001,-0.000656166,0.0873706,-0.0296075,75.1468,-0.00165617,-0.004,-0.031375861493870616,0,0.000198824,999,,,,,,,-1,,-1,,,,,,,,,,,,,,,,,,,,"Juniel Querecuto","12140",578570
"Jonathan Araúz",,0.56,2.23403,2.0187,0.4197,0.292,0.079,0.0072,0.0414,0.2099,0.197,0.1765,0,0.539,0.0156,0.0159,0.0073,,0.0156,0.0041,0.207906,0.0790053,0.241268,0.327458,0.274756,0.315649,0.263048,0.590405,0.107743,3.68038,0.260143,0,-0.00236125,0.176586,-0.0847457,67.634,-0.00236125,0.004,-0.08696057158522308,0.012999999802559614,0.0000488806,999,,,,,,,-2,-2,-2,-2,0.038,0.06,0.085,0.113,0.148,0.195,0.26,0.365,0.585,0.237,0.245,0.251,0.257,0.262,0.268,0.274,0.281,0.291,"Jonathan Arauz","20275",660620
"Mike Moustakas",,0.24,1,0.9132,0.2007,0.133,0.0401,0.0023,0.0253,0.0984,0.1043,0.066,0.001,0.2658,0.012,0.007,0.0018,,0.0054,0.0016,0.219777,0.066,0.2658,0.248307,0.279203,0.35184,0.277295,0.631042,0.132063,3.22315,0.278811,-0.002,-0.00122542,0.090511,-0.0264671,77.4347,-0.00322542,-0.009,-0.02962699648924172,-0.004999999422580004,-0.000135163,999,,,,,,,-1,,-1,,,,,,,,,,,,,,,,,,,,"Mike Moustakas","4892",519058
"Irving Lopez",,0.25,1,0.8986,0.195,0.1396,0.0404,0.0027,0.0123,0.0928,0.0823,0.0773,0,0.2265,0.014,0.0071,0.003,,0.0084,0.0024,0.217004,0.0773,0.2265,0.34128,0.287161,0.309036,0.267424,0.596198,0.092032,3.83923,0.273954,-0.001,-0.00111438,0.0825664,-0.0344117,71.1292,-0.00211438,-0.003,-0.03663832112215459,0.0010000001639127731,-0.000241393,999,,,,,,,-1,,-1,,,,,,,,,,,,,,,,,,,,"Irving Lopez","20463",676761
"Yonny Hernández","NYM",0.29,1.19493,1.0376,0.2086,0.1599,0.0352,0.0058,0.0077,0.1152,0.0825,0.131,0,0.2795,0.0143,0.0082,0.0037,,0.04,0.0125,0.201041,0.10963,0.233905,0.468694,0.29712,0.268408,0.260868,0.565528,0.067367,5.37637,0.26483,0,0.000528653,0.0923561,-0.0474246,68.7625,0.000528653,-0.008,-0.04410678119165823,-0.0030000004917383194,-0.000755414,999,,,,,,,-1,,-1,,0.036,0.058,0.082,0.11,0.145,0.191,0.256,0.361,0.581,0.236,0.244,0.25,0.255,0.26,0.265,0.271,0.277,0.286,"Yonny Hernandez","19432",660634
"Drew Maggi",,0.24,1,0.9051,0.185,0.1267,0.0373,0.0025,0.0185,0.094,0.087,0.072,0,0.2878,0.013,0.007,0.0029,,0.0143,0.004,0.204397,0.072,0.2878,0.250174,0.270785,0.312452,0.26013,0.583237,0.108054,4.4076,0.274843,-0.002,-0.000430851,0.0766959,-0.0402821,65.6271,-0.00243085,-0.003,-0.04264748375862837,0.0010000001639127731,-0.000860223,999,,,,,,,-1,,-1,,,,,,,,,,,,,,,,,,,,"Drew Maggi","11381",543482
"Hunter Dozier",,0.25,1,0.9184,0.189,0.1193,0.0407,0.0041,0.0249,0.0948,0.0981,0.064,0,0.2966,0.008,0.0069,0.0027,,0.0108,0.0033,0.205793,0.064,0.2966,0.215779,0.261707,0.340375,0.264378,0.602081,0.134582,4.34679,0.271779,-0.002,-0.000686341,0.0801144,-0.0368637,68.5488,-0.00268634,-0.011,-0.039484520675614476,-0.00699999975040555,-0.00135978,745.3300170898438,,,,,,,-1,,-1,,,,,,,,,,,,,,,,,,,,"Hunter Dozier","15117",641531
"Matt Duffy",,11.62,47.3065,43.1581,10.2965,7.8658,1.7828,0.1018,0.5462,4.3627,4.0138,3.1695,0,10.4443,0.5204,0.3296,0.1289,,0.3775,0.1022,0.238576,0.0669992,0.220779,0.303467,0.296463,0.322572,0.275811,0.619035,0.0839958,3.44196,0.300035,-0.051,-0.0570941,4.22528,-1.30855,76.4142,-0.108094,-0.374,-1.41354551166296,-0.18000000715255737,-0.00179433,999,,,,,,,40.2,3.35,40.2,3.35,0.195,0.217,0.235,0.251,0.268,0.285,0.304,0.329,0.367,0.249,0.258,0.264,0.27,0.275,0.28,0.286,0.293,0.303,"Matt Duffy","13836",622110
"Kevin Padlo",,0.28,1.15489,1.027,0.1968,0.1232,0.0431,0.002,0.0285,0.1125,0.1066,0.1074,0,0.3636,0.0092,0.008,0.0032,,0.0187,0.0053,0.191626,0.0929961,0.314836,0.29538,0.272143,0.32074,0.264784,0.592883,0.129114,4.19697,0.261783,0,-0.000299137,0.0929009,-0.0421955,68.8285,-0.000299137,0.007,-0.04241898248437792,-0.01699999999254942,-0.00216265,999,,,,,,,-1,,-1,,0.031,0.051,0.074,0.101,0.135,0.182,0.249,0.359,0.597,0.24,0.248,0.254,0.259,0.264,0.269,0.274,0.281,0.29,"Kevin Padlo","16593",656821
"Niko Goodrum","SDP",1.85,7.55756,6.5935,1.38,0.9634,0.2443,0.0349,0.1374,0.7601,0.6416,0.8298,0.0151,2.2886,0.0605,0.0518,0.022,,0.1231,0.0327,0.209297,0.109797,0.302823,0.36258,0.301277,0.319451,0.278972,0.620728,0.110154,4.85294,0.294504,-0.005,-0.00313472,0.694245,-0.189823,81.1109,-0.00813472,-0.016,-0.17884249426424503,-0.10800000093877316,-0.0036321,999,,,,,,,1.6,0.8,1.6,0.8,0.116,0.148,0.177,0.206,0.238,0.275,0.32,0.382,0.49,0.252,0.261,0.267,0.273,0.278,0.284,0.289,0.296,0.307,"Niko Goodrum","12092",592348
"Brian Anderson",,1.62,6.64638,5.9412,1.2806,0.8738,0.2304,0.0195,0.1569,0.6428,0.6438,0.5649,0.0066,1.9547,0.0798,0.0467,0.0138,,0.0315,0.0096,0.215546,0.0849936,0.2941,0.288996,0.290278,0.340116,0.279847,0.630395,0.124571,3.25515,0.28989,-0.004,-0.00952061,0.61522,-0.162261,79.19,-0.0135206,-0.028,-0.17534603364765644,-0.10900000110268593,-0.00649619,999,,,,,,,2.6,1.3,2.6,1.3,0.106,0.139,0.169,0.199,0.232,0.271,0.32,0.388,0.508,0.256,0.264,0.27,0.275,0.279,0.284,0.289,0.295,0.304,"Brian Anderson","18289",605119
"Grae Kessinger","ARI",9.38,39.5345,35.3191,7.4718,5.226,1.4621,0.1137,0.67,3.9956,3.4284,3.479,0.0791,10.3308,0.3558,0.2659,0.1146,,0.5768,0.1772,0.211551,0.0879991,0.261311,0.33676,0.286825,0.316296,0.269318,0.603122,0.104745,4.38434,0.276674,-0.019,-0.0272945,3.3245,-1.30017,69.3016,-0.0462945,-0.07,-1.4975803457200527,0.0860000029206276,-0.00981572,999,,,,,,,27.4,3.044444444,27.4,3.044444444,0.181,0.205,0.224,0.241,0.259,0.278,0.3,0.328,0.37,0.244,0.252,0.258,0.264,0.269,0.274,0.279,0.286,0.296,"Grae Kessinger","25813",666197
"Bobby Dalbec","CHW",3.83,15.5282,13.958,2.7713,1.6731,0.4819,0.0288,0.5875,1.5581,1.69,1.2485,0,6.0382,0.1708,0.1102,0.0407,,0.2135,0.055,0.198546,0.0804024,0.388855,0.206767,0.270579,0.363469,0.278485,0.634048,0.164923,4.21242,0.293423,-0.02,-0.00398188,1.42034,-0.396116,79.1713,-0.0239819,0.039,-0.39405519887804985,-0.2800000049173832,-0.0161543,750.239990234375,,,,,,,15.2,3.8,15.2,3.8,0.142,0.173,0.199,0.225,0.252,0.282,0.319,0.367,0.447,0.257,0.264,0.269,0.274,0.278,0.282,0.287,0.293,0.301,"Bobby Dalbec","19966",666915